zipcode,city,kreis,state
72581,Dettingen an der Erms,Kreis Reutlingen,Baden-Württemberg
72574,Bad Urach,Kreis Reutlingen,Baden-Württemberg
72820,Sonnenbühl,Kreis Reutlingen,Baden-Württemberg
72539,Pfronstetten,Kreis Reutlingen,Baden-Württemberg
72818,Trochtelfingen,Kreis Reutlingen,Baden-Württemberg
72534,Hayingen,Kreis Reutlingen,Baden-Württemberg
72531,Hohenstein/Württemberg,Kreis Reutlingen,Baden-Württemberg
72365,Ratshausen,Zollernalbkreis,Baden-Württemberg
72805,Lichtenstein/Württemberg,Kreis Reutlingen,Baden-Württemberg
72800,Eningen unter Achalm,Kreis Reutlingen,Baden-Württemberg
72364,Obernheim/Württemberg,Zollernalbkreis,Baden-Württemberg
72361,Hausen am Tann,Zollernalbkreis,Baden-Württemberg
78601,Mahlstetten,Kreis Tuttlingen,Baden-Württemberg
78583,Böttingen,Kreis Tuttlingen,Baden-Württemberg
72514,Inzigkofen,Kreis Sigmaringen,Baden-Württemberg
72517,Sigmaringendorf,Kreis Sigmaringen,Baden-Württemberg
72505,Krauchenwies,Kreis Sigmaringen,Baden-Württemberg
72351,Geislingen b. Balingen,Zollernalbkreis,Baden-Württemberg
72469,Meßstetten,Zollernalbkreis,Baden-Württemberg
72362,Nusplingen,Zollernalbkreis,Baden-Württemberg
72519,Veringenstadt,Kreis Sigmaringen,Baden-Württemberg
72477,Schwenningen,Kreis Sigmaringen,Baden-Württemberg
72419,Veringenstadt,Kreis Sigmaringen,Baden-Württemberg
72488,Sigmaringen,Kreis Sigmaringen,Baden-Württemberg
72479,Straßberg b. Hohenz,Zollernalbkreis,Baden-Württemberg
72474,Winterlingen,Zollernalbkreis,Baden-Württemberg
78600,Kolbingen,Kreis Tuttlingen,Baden-Württemberg
78597,Irndorf,Kreis Tuttlingen,Baden-Württemberg
78580,Egesheim,Kreis Tuttlingen,Baden-Württemberg
78592,Egesheim,Kreis Tuttlingen,Baden-Württemberg
78580,Bärenthal,Kreis Tuttlingen,Baden-Württemberg
78603,Renquishausen,Kreis Tuttlingen,Baden-Württemberg
78598,Königsheim,Kreis Tuttlingen,Baden-Württemberg
78585,Bubsheim,Kreis Tuttlingen,Baden-Württemberg
78559,Gosheim,Kreis Tuttlingen,Baden-Württemberg
78665,Frittlingen,Kreis Tuttlingen,Baden-Württemberg
78554,Frittlingen,Kreis Tuttlingen,Baden-Württemberg
78588,Denkingen,Kreis Tuttlingen,Baden-Württemberg
78554,Denkingen,Kreis Tuttlingen,Baden-Württemberg
78647,Trossingen,Kreis Tuttlingen,Baden-Württemberg
78554,Aldingen,Kreis Tuttlingen,Baden-Württemberg
78582,Balgheim,Kreis Tuttlingen,Baden-Württemberg
78595,Hausen ob Verena,Kreis Tuttlingen,Baden-Württemberg
78606,Seitingen-Oberflacht,Kreis Tuttlingen,Baden-Württemberg
78589,Dürbheim,Kreis Tuttlingen,Baden-Württemberg
78604,Rietheim-Weilheim,Kreis Tuttlingen,Baden-Württemberg
78573,Wurmlingen,Kreis Tuttlingen,Baden-Württemberg
78570,Mühlheim an der Donau,Kreis Tuttlingen,Baden-Württemberg
78567,Fridingen an der Donau,Kreis Tuttlingen,Baden-Württemberg
78567,Buchheim,Kreis Tuttlingen,Baden-Württemberg
88637,Buchheim,Kreis Tuttlingen,Baden-Württemberg
78532,Tuttlingen,Kreis Tuttlingen,Baden-Württemberg
78579,Neuhausen ob Eck,Kreis Tuttlingen,Baden-Württemberg
78576,Emmingen-Liptingen,Kreis Tuttlingen,Baden-Württemberg
78357,Mühlingen,Kreis Konstanz,Baden-Württemberg
78253,Eigeltingen,Kreis Konstanz,Baden-Württemberg
78354,Sipplingen,Bodenseekreis,Baden-Württemberg
78351,Bodman-Ludwigshafen,Kreis Konstanz,Baden-Württemberg
78333,Stockach,Kreis Konstanz,Baden-Württemberg
78359,Orsingen-Nenzingen,Kreis Konstanz,Baden-Württemberg
78269,Volkertshausen,Kreis Konstanz,Baden-Württemberg
72419,Volkertshausen,Kreis Konstanz,Baden-Württemberg
72501,Gammertingen,Kreis Sigmaringen,Baden-Württemberg
72475,Bitz,Zollernalbkreis,Baden-Württemberg
72419,Neufra,Kreis Sigmaringen,Baden-Württemberg
72393,Burladingen,Zollernalbkreis,Baden-Württemberg
79780,Stühlingen,Kreis Waldshut,Baden-Württemberg
72417,Jungingen,Zollernalbkreis,Baden-Württemberg
72379,Hechingen,Zollernalbkreis,Baden-Württemberg
72379,Bisingen,Zollernalbkreis,Baden-Württemberg
72406,Bisingen,Zollernalbkreis,Baden-Württemberg
72411,Bodelshausen,Kreis Tübingen,Baden-Württemberg
72145,Hirrlingen,Kreis Tübingen,Baden-Württemberg
72144,Dußlingen,Kreis Tübingen,Baden-Württemberg
72149,Neustetten,Kreis Tübingen,Baden-Württemberg
79848,Bonndorf im Schwarzwald,Kreis Waldshut,Baden-Württemberg
72131,Ofterdingen,Kreis Tübingen,Baden-Württemberg
72116,Mössingen,Kreis Tübingen,Baden-Württemberg
72810,Gomaringen,Kreis Tübingen,Baden-Württemberg
79865,Grafenhausen,Kreis Waldshut,Baden-Württemberg
79739,Schwörstadt,Kreis Lörrach,Baden-Württemberg
72147,Nehren/Württemberg,Kreis Tübingen,Baden-Württemberg
79682,Todtmoos,Kreis Waldshut,Baden-Württemberg
79777,Ühlingen-Birkendorf,Kreis Waldshut,Baden-Württemberg
73779,Deizisau,Kreis Esslingen,Baden-Württemberg
73776,Altbach,Kreis Esslingen,Baden-Württemberg
73262,Reichenbach an der Fils,Kreis Esslingen,Baden-Württemberg
79594,Inzlingen,Kreis Lörrach,Baden-Württemberg
73207,Plochingen,Kreis Esslingen,Baden-Württemberg
73278,Schlierbach,Kreis Göppingen,Baden-Württemberg
73061,Ebersbach an der Fils,Kreis Göppingen,Baden-Württemberg
73274,Notzingen,Kreis Esslingen,Baden-Württemberg
73269,Hochdorf b. Plochingen,Kreis Esslingen,Baden-Württemberg
78187,Geisingen,Kreis Tuttlingen,Baden-Württemberg
78479,Reichenau,Kreis Konstanz,Baden-Württemberg
78476,Allensbach,Kreis Konstanz,Baden-Württemberg
78315,Radolfzell am Bodensee,Kreis Konstanz,Baden-Württemberg
78343,Gaienhofen,Kreis Konstanz,Baden-Württemberg
78345,Moos/Bodensee,Kreis Konstanz,Baden-Württemberg
78337,Öhningen,Kreis Konstanz,Baden-Württemberg
78224,Singen/Hohentwiel,Kreis Konstanz,Baden-Württemberg
78247,Singen/Hohentwiel,Kreis Konstanz,Baden-Württemberg
78267,Aach im Hegau,Kreis Konstanz,Baden-Württemberg
78259,Mühlhausen-Ehingen,Kreis Konstanz,Baden-Württemberg
78234,Engen,Kreis Konstanz,Baden-Württemberg
78607,Talheim Kr. Tuttlingen,Kreis Tuttlingen,Baden-Württemberg
78591,Durchhausen,Kreis Tuttlingen,Baden-Württemberg
78609,Tuningen,Schwarzwald-Baar-Kreis,Baden-Württemberg
73271,Holzmaden,Kreis Esslingen,Baden-Württemberg
72649,Wolfschlugen,Kreis Esslingen,Baden-Württemberg
73770,Denkendorf/Württemberg,Kreis Esslingen,Baden-Württemberg
73760,Ostfildern,Kreis Esslingen,Baden-Württemberg
73765,Neuhausen auf den Fildern,Kreis Esslingen,Baden-Württemberg
73257,Köngen,Kreis Esslingen,Baden-Württemberg
73249,Wernau/Neckar,Kreis Esslingen,Baden-Württemberg
73240,Wendlingen am Neckar,Kreis Esslingen,Baden-Württemberg
72669,Unterensingen,Kreis Esslingen,Baden-Württemberg
72644,Oberboihingen,Kreis Esslingen,Baden-Württemberg
73275,Ohmden,Kreis Esslingen,Baden-Württemberg
73119,Zell unter Aichelberg,Kreis Göppingen,Baden-Württemberg
73087,Zell unter Aichelberg,Kreis Göppingen,Baden-Württemberg
73265,Dettingen unter Teck,Kreis Esslingen,Baden-Württemberg
78166,Donaueschingen,Schwarzwald-Baar-Kreis,Baden-Württemberg
78147,Vöhrenbach,Schwarzwald-Baar-Kreis,Baden-Württemberg
78112,St. Georgen/Schwarzwald,Schwarzwald-Baar-Kreis,Baden-Württemberg
78112,Mönchweiler,Schwarzwald-Baar-Kreis,Baden-Württemberg
78087,Mönchweiler,Schwarzwald-Baar-Kreis,Baden-Württemberg
78089,Unterkirnach,Schwarzwald-Baar-Kreis,Baden-Württemberg
72666,Neckartailfingen,Kreis Esslingen,Baden-Württemberg
72631,Aichtal,Kreis Esslingen,Baden-Württemberg
72663,Großbettlingen,Kreis Esslingen,Baden-Württemberg
72655,Altdorf b. Nürtingen,Kreis Esslingen,Baden-Württemberg
72622,Nürtingen,Kreis Esslingen,Baden-Württemberg
72661,Grafenberg,Kreis Reutlingen,Baden-Württemberg
72660,Beuren b. Nürtingen,Kreis Esslingen,Baden-Württemberg
72636,Frickenhausen/Württemberg,Kreis Esslingen,Baden-Württemberg
73277,Owen,Kreis Esslingen,Baden-Württemberg
73266,Lenningen,Kreis Esslingen,Baden-Württemberg
73252,Lenningen,Kreis Esslingen,Baden-Württemberg
73266,Bissingen an der Teck,Kreis Esslingen,Baden-Württemberg
73333,Gingen an der Fils,Kreis Göppingen,Baden-Württemberg
73101,Aichelberg,Kreis Göppingen,Baden-Württemberg
73084,Salach,Kreis Göppingen,Baden-Württemberg
73107,Heiningen Kr. Göppingen,Kreis Göppingen,Baden-Württemberg
73092,Heiningen Kr. Göppingen,Kreis Göppingen,Baden-Württemberg
73037,Heiningen Kr. Göppingen,Kreis Göppingen,Baden-Württemberg
73107,Eschenbach/Württemberg,Kreis Göppingen,Baden-Württemberg
73037,Eschenbach/Württemberg,Kreis Göppingen,Baden-Württemberg
73337,Bad Überkingen,Kreis Göppingen,Baden-Württemberg
73329,Kuchen,Kreis Göppingen,Baden-Württemberg
73114,Schlat,Kreis Göppingen,Baden-Württemberg
73079,Süßen,Kreis Göppingen,Baden-Württemberg
73054,Süßen,Kreis Göppingen,Baden-Württemberg
73326,Deggingen,Kreis Göppingen,Baden-Württemberg
73312,Deggingen,Kreis Göppingen,Baden-Württemberg
73312,Böhmenkirch,Kreis Göppingen,Baden-Württemberg
89558,Böhmenkirch,Kreis Göppingen,Baden-Württemberg
73312,Bad Ditzenbach,Kreis Göppingen,Baden-Württemberg
73342,Bad Ditzenbach,Kreis Göppingen,Baden-Württemberg
73345,Bad Ditzenbach,Kreis Göppingen,Baden-Württemberg
73312,Geislingen an der Steige,Kreis Göppingen,Baden-Württemberg
73347,Mühlhausen im Täle,Kreis Göppingen,Baden-Württemberg
73349,Mühlhausen im Täle,Kreis Göppingen,Baden-Württemberg
73344,Gruibingen,Kreis Göppingen,Baden-Württemberg
73235,Gruibingen,Kreis Göppingen,Baden-Württemberg
73272,Neidlingen,Kreis Esslingen,Baden-Württemberg
73235,Weilheim an der Teck,Kreis Esslingen,Baden-Württemberg
73349,Wiesensteig,Kreis Göppingen,Baden-Württemberg
73349,Drackenstein,Kreis Göppingen,Baden-Württemberg
73345,Drackenstein,Kreis Göppingen,Baden-Württemberg
72639,Drackenstein,Kreis Göppingen,Baden-Württemberg
73268,Erkenbrechtsweiler,Kreis Esslingen,Baden-Württemberg
72584,Hülben,Kreis Reutlingen,Baden-Württemberg
72657,Altenriet,Kreis Esslingen,Baden-Württemberg
72141,Walddorfhäslach,Kreis Reutlingen,Baden-Württemberg
72658,Bempflingen,Kreis Esslingen,Baden-Württemberg
72654,Neckartenzlingen,Kreis Esslingen,Baden-Württemberg
72585,Riederich,Kreis Reutlingen,Baden-Württemberg
72555,Metzingen,Kreis Reutlingen,Baden-Württemberg
72829,Engstingen,Kreis Reutlingen,Baden-Württemberg
72532,Gomadingen,Kreis Reutlingen,Baden-Württemberg
72813,Sankt Johann/Württemberg,Kreis Reutlingen,Baden-Württemberg
79367,Weisweil,Kreis Emmendingen,Baden-Württemberg
79359,Riegel,Kreis Emmendingen,Baden-Württemberg
79369,Wyhl,Kreis Emmendingen,Baden-Württemberg
79362,Forchheim/Breisgau,Kreis Emmendingen,Baden-Württemberg
79365,Rheinhausen,Kreis Emmendingen,Baden-Württemberg
79336,Herbolzheim,Kreis Emmendingen,Baden-Württemberg
79341,Kenzingen,Kreis Emmendingen,Baden-Württemberg
79364,Malterdingen,Kreis Emmendingen,Baden-Württemberg
79346,Malterdingen,Kreis Emmendingen,Baden-Württemberg
79361,Sasbach am Kaiserstuhl,Kreis Emmendingen,Baden-Württemberg
79235,Vogtsburg im Kaiserstuhl,Breisgau-Hochschwarzwald,Baden-Württemberg
79356,Eichstetten am Kaiserstuhl,Breisgau-Hochschwarzwald,Baden-Württemberg
79268,Bötzingen,Breisgau-Hochschwarzwald,Baden-Württemberg
79241,Ihringen,Breisgau-Hochschwarzwald,Baden-Württemberg
79291,Merdingen,Breisgau-Hochschwarzwald,Baden-Württemberg
79288,Gottenheim,Breisgau-Hochschwarzwald,Baden-Württemberg
79224,Umkirch,Breisgau-Hochschwarzwald,Baden-Württemberg
79232,March,Breisgau-Hochschwarzwald,Baden-Württemberg
79276,Reute,Kreis Emmendingen,Baden-Württemberg
79279,Vörstetten,Kreis Emmendingen,Baden-Württemberg
79312,Emmendingen,Kreis Emmendingen,Baden-Württemberg
79211,Denzlingen,Kreis Emmendingen,Baden-Württemberg
79348,Freiamt,Kreis Emmendingen,Baden-Württemberg
79350,Sexau,Kreis Emmendingen,Baden-Württemberg
79261,Gutach im Breisgau,Kreis Emmendingen,Baden-Württemberg
79297,Winden im Elztal,Kreis Emmendingen,Baden-Württemberg
79183,Waldkirch,Kreis Emmendingen,Baden-Württemberg
79271,Waldkirch,Kreis Emmendingen,Baden-Württemberg
79252,Stegen,Breisgau-Hochschwarzwald,Baden-Württemberg
79199,Kirchzarten,Breisgau-Hochschwarzwald,Baden-Württemberg
79274,Sankt Märgen,Breisgau-Hochschwarzwald,Baden-Württemberg
79256,Buchenbach,Breisgau-Hochschwarzwald,Baden-Württemberg
79871,Eisenbach,Breisgau-Hochschwarzwald,Baden-Württemberg
79807,Lottstetten,Kreis Waldshut,Baden-Württemberg
79639,Grenzach-Wyhlen,Kreis Lörrach,Baden-Württemberg
76473,Iffezheim,Kreis Rastatt,Baden-Württemberg
76470,Ötigheim,Kreis Rastatt,Baden-Württemberg
76461,Muggensturm,Kreis Rastatt,Baden-Württemberg
76437,Rastatt,Kreis Rastatt,Baden-Württemberg
79249,Merzhausen,Breisgau-Hochschwarzwald,Baden-Württemberg
79280,Au/Breisgau,Breisgau-Hochschwarzwald,Baden-Württemberg
79289,Horben,Breisgau-Hochschwarzwald,Baden-Württemberg
79238,Ehrenkirchen,Breisgau-Hochschwarzwald,Baden-Württemberg
79299,Wittnau,Breisgau-Hochschwarzwald,Baden-Württemberg
72535,Heroldstatt,Alb-Donau-Kreis,Baden-Württemberg
79294,Sölden,Breisgau-Hochschwarzwald,Baden-Württemberg
88512,Mengen,Kreis Sigmaringen,Baden-Württemberg
88697,Mengen,Kreis Sigmaringen,Baden-Württemberg
88094,Oberteuringen,Bodenseekreis,Baden-Württemberg
88677,Markdorf,Bodenseekreis,Baden-Württemberg
88263,Horgenzell,Kreis Ravensburg,Baden-Württemberg
88693,Deggenhausertal,Bodenseekreis,Baden-Württemberg
79283,Bollschweil,Breisgau-Hochschwarzwald,Baden-Württemberg
79410,Badenweiler,Breisgau-Hochschwarzwald,Baden-Württemberg
88636,Illmensee,Kreis Sigmaringen,Baden-Württemberg
88630,Pfullendorf,Kreis Sigmaringen,Baden-Württemberg
88639,Wald/Hohenzollern,Kreis Sigmaringen,Baden-Württemberg
88634,Herdwangen-Schönach,Kreis Sigmaringen,Baden-Württemberg
88662,Überlingen,Bodenseekreis,Baden-Württemberg
79282,Ballrechten-Dottingen,Breisgau-Hochschwarzwald,Baden-Württemberg
79295,Sulzburg,Breisgau-Hochschwarzwald,Baden-Württemberg
79219,Staufen im Breisgau,Breisgau-Hochschwarzwald,Baden-Württemberg
79695,Wieden,Kreis Lörrach,Baden-Württemberg
79694,Utzenfeld,Kreis Lörrach,Baden-Württemberg
79244,Münstertal/Schwarzwald,Breisgau-Hochschwarzwald,Baden-Württemberg
79254,Oberried,Breisgau-Hochschwarzwald,Baden-Württemberg
79856,Hinterzarten,Breisgau-Hochschwarz-,Baden-Württemberg
79859,Schluchsee,Breisgau-Hochschwarzwald,Baden-Württemberg
79877,Friedenweiler,Breisgau-Hochschwarzwald,Baden-Württemberg
79853,Lenzkirch,Breisgau-Hochschwarzwald,Baden-Württemberg
79843,Löffingen,Breisgau-Hochschwarzwald,Baden-Württemberg
79879,Wutach,Kreis Waldshut,Baden-Württemberg
79805,Eggingen,Kreis Waldshut,Baden-Württemberg
79793,Wutöschingen,Kreis Waldshut,Baden-Württemberg
79787,Lauchringen,Kreis Waldshut,Baden-Württemberg
79798,Jestetten,Kreis Waldshut,Baden-Württemberg
79802,Dettighofen,Kreis Waldshut,Baden-Württemberg
79771,Klettgau,Kreis Waldshut,Baden-Württemberg
79801,Hohentengen am Hochrhein,Kreis Waldshut,Baden-Württemberg
79790,Küssaberg,Kreis Waldshut,Baden-Württemberg
79713,Bad Säckingen,Kreis Waldshut,Baden-Württemberg
79809,Weilheim Kr. Waldshut,Kreis Waldshut,Baden-Württemberg
79761,Waldshut-Tiengen,Kreis Waldshut,Baden-Württemberg
79862,Höchenschwand,Kreis Waldshut,Baden-Württemberg
79875,Dachsberg/Südschwarzwald,Kreis Waldshut,Baden-Württemberg
79837,Dachsberg/Südschwarzwald,Kreis Waldshut,Baden-Württemberg
79804,Dogern,Kreis Waldshut,Baden-Württemberg
79730,Dogern,Kreis Waldshut,Baden-Württemberg
79725,Laufenburg/Baden,Kreis Waldshut,Baden-Württemberg
79737,Herrischried,Kreis Waldshut,Baden-Württemberg
79736,Rickenbach,Kreis Waldshut,Baden-Württemberg
79664,Wehr/Baden,Kreis Waldshut,Baden-Württemberg
79686,Hasel,Kreis Lörrach,Baden-Württemberg
79688,Hausen im Wiesental,Kreis Lörrach,Baden-Württemberg
79650,Schopfheim,Kreis Lörrach,Baden-Württemberg
79689,Maulburg,Kreis Lörrach,Baden-Württemberg
79618,Rheinfelden/Baden,Kreis Lörrach,Baden-Württemberg
71706,Schwieberdingen,Kreis Ludwigsburg,Baden-Württemberg
71701,Schwieberdingen,Kreis Ludwigsburg,Baden-Württemberg
71706,Markgröningen,Kreis Ludwigsburg,Baden-Württemberg
73054,Eislingen/Fils,Kreis Göppingen,Baden-Württemberg
73113,Eislingen/Fils,Kreis Göppingen,Baden-Württemberg
79285,Ebringen,Breisgau-Hochschwarzwald,Baden-Württemberg
79292,Pfaffenweiler,Breisgau-Hochschwarzwald,Baden-Württemberg
79227,Schallstadt,Breisgau-Hochschwarzwald,Baden-Württemberg
79189,Bad Krozingen,Breisgau-Hochschwarzwald,Baden-Württemberg
97993,Creglingen,Main-Tauber-Kreis,Baden-Württemberg
97990,Creglingen,Main-Tauber-Kreis,Baden-Württemberg
97996,Niederstetten,Main-Tauber-Kreis,Baden-Württemberg
97980,Niederstetten,Main-Tauber-Kreis,Baden-Württemberg
79427,Niederstetten,Main-Tauber-Kreis,Baden-Württemberg
79423,Heitersheim,Breisgau-Hochschwarzwald,Baden-Württemberg
79426,Buggingen,Breisgau-Hochschwarzwald,Baden-Württemberg
79379,Müllheim im Markgräflerland,Breisgau-Hochschwarzwald,Baden-Württemberg
97922,Lauda-Königshofen,Main-Tauber-Kreis,Baden-Württemberg
97953,Königheim,Main-Tauber-Kreis,Baden-Württemberg
79424,Auggen,Breisgau-Hochschwarzwald,Baden-Württemberg
79395,Neuenburg am Rhein,Breisgau-Hochschwarzwald,Baden-Württemberg
79692,Kleines Wiesental,Kreis Lörrach,Baden-Württemberg
97956,Werbach,Main-Tauber-Kreis,Baden-Württemberg
97941,Tauberbischofsheim,Main-Tauber-Kreis,Baden-Württemberg
97900,Külsheim,Main-Tauber-Kreis,Baden-Württemberg
79415,Bad Bellingen,Kreis Lörrach,Baden-Württemberg
79418,Schliengen,Kreis Lörrach,Baden-Württemberg
79429,Malsburg-Marzell,Kreis Lörrach,Baden-Württemberg
79585,Steinen Kr. Lörrach,Kreis Lörrach,Baden-Württemberg
79400,Kandern,Kreis Lörrach,Baden-Württemberg
79599,Wittlingen,Kreis Lörrach,Baden-Württemberg
79595,Rümmingen,Kreis Lörrach,Baden-Württemberg
79597,Schallbach,Kreis Lörrach,Baden-Württemberg
79588,Efringen-Kirchen,Kreis Lörrach,Baden-Württemberg
79591,Eimeldingen,Kreis Lörrach,Baden-Württemberg
73614,Schorndorf/Württemberg,Rems-Murr-Kreis,Baden-Württemberg
73614,Urbach/Rems,Rems-Murr-Kreis,Baden-Württemberg
73660,Urbach/Rems,Rems-Murr-Kreis,Baden-Württemberg
73655,Urbach/Rems,Rems-Murr-Kreis,Baden-Württemberg
79576,Weil am Rhein,Kreis Lörrach,Baden-Württemberg
72537,Mehrstetten,Kreis Reutlingen,Baden-Württemberg
88518,Herbertingen,Kreis Sigmaringen,Baden-Württemberg
88454,Hochdorf/Riß,Kreis Biberach,Baden-Württemberg
88436,Hochdorf/Riß,Kreis Biberach,Baden-Württemberg
88454,Ummendorf b. Biberach,Kreis Biberach,Baden-Württemberg
88444,Ummendorf b. Biberach,Kreis Biberach,Baden-Württemberg
71723,Großbottwar,Kreis Ludwigsburg,Baden-Württemberg
73491,Neuler,Ostalbkreis,Baden-Württemberg
73479,Neuler,Ostalbkreis,Baden-Württemberg
73460,Hüttlingen,Ostalbkreis,Baden-Württemberg
73453,Hüttlingen,Ostalbkreis,Baden-Württemberg
73434,Hüttlingen,Ostalbkreis,Baden-Württemberg
73453,Aalen,Ostalbkreis,Baden-Württemberg
73430,Aalen,Ostalbkreis,Baden-Württemberg
73432,Aalen,Ostalbkreis,Baden-Württemberg
73433,Aalen,Ostalbkreis,Baden-Württemberg
73434,Aalen,Ostalbkreis,Baden-Württemberg
73431,Aalen,Ostalbkreis,Baden-Württemberg
73453,Schechingen,Ostalbkreis,Baden-Württemberg
73579,Schechingen,Ostalbkreis,Baden-Württemberg
73486,Schechingen,Ostalbkreis,Baden-Württemberg
71299,Wimsheim,Enzkreis,Baden-Württemberg
77876,Kappelrodeck,Ortenaukreis,Baden-Württemberg
77871,Renchen,Ortenaukreis,Baden-Württemberg
77866,Rheinau,Ortenaukreis,Baden-Württemberg
77839,Lichtenau/Baden,Kreis Rastatt,Baden-Württemberg
77836,Rheinmünster,Kreis Rastatt,Baden-Württemberg
77704,Oberkirch,Ortenaukreis,Baden-Württemberg
77975,Ringsheim,Ortenaukreis,Baden-Württemberg
77971,Kippenheim,Ortenaukreis,Baden-Württemberg
77933,Lahr/Schwarzwald,Ortenaukreis,Baden-Württemberg
77972,Mahlberg,Ortenaukreis,Baden-Württemberg
77977,Rust,Ortenaukreis,Baden-Württemberg
77966,Kappel-Grafenhausen,Ortenaukreis,Baden-Württemberg
77955,Ettenheim,Ortenaukreis,Baden-Württemberg
79206,Breisach am Rhein,Breisgau-Hochschwarzwald,Baden-Württemberg
79669,Zell im Wiesental,Kreis Lörrach,Baden-Württemberg
72793,Pfullingen,Kreis Reutlingen,Baden-Württemberg
88356,Ostrach,Kreis Sigmaringen,Baden-Württemberg
97957,Ostrach,Kreis Sigmaringen,Baden-Württemberg
97999,Ostrach,Kreis Sigmaringen,Baden-Württemberg
97957,Wittighausen,Main-Tauber-Kreis,Baden-Württemberg
97990,Weikersheim,Main-Tauber-Kreis,Baden-Württemberg
97959,Assamstadt,Main-Tauber-Kreis,Baden-Württemberg
97944,Boxberg/Baden,Main-Tauber-Kreis,Baden-Württemberg
71404,Korb,Rems-Murr-Kreis,Baden-Württemberg
73663,Berglen,Rems-Murr-Kreis,Baden-Württemberg
88367,Hohentengen b. Saulgau,Kreis Sigmaringen,Baden-Württemberg
74582,Gerabronn,Kreis Schwäbisch Hall,Baden-Württemberg
74585,Gerabronn,Kreis Schwäbisch Hall,Baden-Württemberg
74585,Rot am See,Kreis Schwäbisch Hall,Baden-Württemberg
97877,Wertheim,Main-Tauber-Kreis,Baden-Württemberg
79194,Heuweiler,Breisgau-Hochschwarzwald,Baden-Württemberg
72827,Wannweil,Kreis Reutlingen,Baden-Württemberg
73667,Kaisersbach,Rems-Murr-Kreis,Baden-Württemberg
73642,Kaisersbach,Rems-Murr-Kreis,Baden-Württemberg
73553,Kaisersbach,Rems-Murr-Kreis,Baden-Württemberg
73667,Welzheim,Rems-Murr-Kreis,Baden-Württemberg
73642,Welzheim,Rems-Murr-Kreis,Baden-Württemberg
73553,Welzheim,Rems-Murr-Kreis,Baden-Württemberg
73635,Welzheim,Rems-Murr-Kreis,Baden-Württemberg
73655,Plüderhausen,Rems-Murr-Kreis,Baden-Württemberg
73642,Plüderhausen,Rems-Murr-Kreis,Baden-Württemberg
73655,Alfdorf,Rems-Murr-Kreis,Baden-Württemberg
73553,Alfdorf,Rems-Murr-Kreis,Baden-Württemberg
73568,Alfdorf,Rems-Murr-Kreis,Baden-Württemberg
73577,Alfdorf,Rems-Murr-Kreis,Baden-Württemberg
73553,Schwäbisch Gmünd,Ostalbkreis,Baden-Württemberg
73550,Schwäbisch Gmünd,Ostalbkreis,Baden-Württemberg
73525,Schwäbisch Gmünd,Ostalbkreis,Baden-Württemberg
73529,Schwäbisch Gmünd,Ostalbkreis,Baden-Württemberg
73072,Schwäbisch Gmünd,Ostalbkreis,Baden-Württemberg
73527,Schwäbisch Gmünd,Ostalbkreis,Baden-Württemberg
77709,Oberwolfach,Ortenaukreis,Baden-Württemberg
71720,Oberstenfeld,Kreis Ludwigsburg,Baden-Württemberg
71720,Beilstein/Württemberg,Kreis Heilbronn,Baden-Württemberg
71543,Beilstein/Württemberg,Kreis Heilbronn,Baden-Württemberg
71717,Beilstein/Württemberg,Kreis Heilbronn,Baden-Württemberg
88048,Friedrichshafen,Bodenseekreis,Baden-Württemberg
88045,Friedrichshafen,Bodenseekreis,Baden-Württemberg
88046,Friedrichshafen,Bodenseekreis,Baden-Württemberg
77886,Lauf/Baden,Ortenaukreis,Baden-Württemberg
77887,Sasbachwalden,Ortenaukreis,Baden-Württemberg
77880,Sasbach b. Achern,Ortenaukreis,Baden-Württemberg
77855,Achern,Ortenaukreis,Baden-Württemberg
77830,Bühlertal,Kreis Rastatt,Baden-Württemberg
77815,Bühl,Kreis Rastatt,Baden-Württemberg
79685,Häg-Ehrsberg,Kreis Lörrach,Baden-Württemberg
79674,Todtnau,Kreis Lörrach,Baden-Württemberg
72124,Pliezhausen,Kreis Reutlingen,Baden-Württemberg
72138,Kirchentellinsfurt,Kreis Tübingen,Baden-Württemberg
73113,Ottenbach,Kreis Göppingen,Baden-Württemberg
73529,Ottenbach,Kreis Göppingen,Baden-Württemberg
73550,Waldstetten/Württemberg,Ostalbkreis,Baden-Württemberg
73072,Waldstetten/Württemberg,Ostalbkreis,Baden-Württemberg
76547,Sinzheim,Kreis Rastatt,Baden-Württemberg
76571,Gaggenau,Kreis Rastatt,Baden-Württemberg
74653,Künzelsau,Hohenlohekreis,Baden-Württemberg
72525,Münsingen,Kreis Reutlingen,Baden-Württemberg
71737,Kirchberg an der Murr,Rems-Murr-Kreis,Baden-Württemberg
71729,Kirchberg an der Murr,Rems-Murr-Kreis,Baden-Württemberg
71729,Erdmannhausen,Kreis Ludwigsburg,Baden-Württemberg
71711,Marbach am Neckar,Kreis Ludwigsburg,Baden-Württemberg
71672,Marbach am Neckar,Kreis Ludwigsburg,Baden-Württemberg
71711,Steinheim an der Murr,Kreis Ludwigsburg,Baden-Württemberg
71543,Wüstenrot,Kreis Heilbronn,Baden-Württemberg
71577,Wüstenrot,Kreis Heilbronn,Baden-Württemberg
71686,Remseck am Neckar,Kreis Ludwigsburg,Baden-Württemberg
70378,Remseck am Neckar,Kreis Ludwigsburg,Baden-Württemberg
79540,Lörrach,Kreis Lörrach,Baden-Württemberg
79541,Lörrach,Kreis Lörrach,Baden-Württemberg
79539,Lörrach,Kreis Lörrach,Baden-Württemberg
79677,Schönenberg/Schwarzwald,Kreis Lörrach,Baden-Württemberg
73569,Eschach,Ostalbkreis,Baden-Württemberg
79215,Biederbach,Kreis Emmendingen,Baden-Württemberg
88348,Bad Saulgau,Kreis Sigmaringen,Baden-Württemberg
88422,Moosburg b. Buchau,Kreis Biberach,Baden-Württemberg
88422,Oggelshausen,Kreis Biberach,Baden-Württemberg
88400,Oggelshausen,Kreis Biberach,Baden-Württemberg
88484,Gutenzell-Hürbel,Kreis Biberach,Baden-Württemberg
88696,Owingen,Bodenseekreis,Baden-Württemberg
88099,Neukirch b. Tettnang,Bodenseekreis,Baden-Württemberg
88273,Fronreute,Kreis Ravensburg,Baden-Württemberg
88281,Schlier,Kreis Ravensburg,Baden-Württemberg
88364,Wolfegg,Kreis Ravensburg,Baden-Württemberg
88481,Balzheim,Alb-Donau-Kreis,Baden-Württemberg
89165,Balzheim,Alb-Donau-Kreis,Baden-Württemberg
88097,Eriskirch,Bodenseekreis,Baden-Württemberg
88213,Ravensburg,Kreis Ravensburg,Baden-Württemberg
88214,Ravensburg,Kreis Ravensburg,Baden-Württemberg
88212,Ravensburg,Kreis Ravensburg,Baden-Württemberg
88287,Grünkraut,Kreis Ravensburg,Baden-Württemberg
88316,Isny im Allgäu,Kreis Ravensburg,Baden-Württemberg
88427,Bad Schussenried,Kreis Biberach,Baden-Württemberg
88436,Eberhardzell,Kreis Biberach,Baden-Württemberg
88486,Kirchberg an der Iller,Kreis Biberach,Baden-Württemberg
88477,Schwendi,Kreis Biberach,Baden-Württemberg
88637,Leibertingen,Kreis Sigmaringen,Baden-Württemberg
88416,Leibertingen,Kreis Sigmaringen,Baden-Württemberg
88430,Rot an der Rot,Kreis Biberach,Baden-Württemberg
88525,Dürmentingen,Kreis Biberach,Baden-Württemberg
88699,Frickingen,Bodenseekreis,Baden-Württemberg
88079,Tettnang,Bodenseekreis,Baden-Württemberg
88069,Tettnang,Bodenseekreis,Baden-Württemberg
88079,Kressbronn am Bodensee,Bodenseekreis,Baden-Württemberg
88279,Amtzell,Kreis Ravensburg,Baden-Württemberg
88370,Ebenweiler,Kreis Ravensburg,Baden-Württemberg
88400,Biberach an der Riß,Kreis Biberach,Baden-Württemberg
88400,Warthausen,Kreis Biberach,Baden-Württemberg
88447,Warthausen,Kreis Biberach,Baden-Württemberg
88400,Ingoldingen,Kreis Biberach,Baden-Württemberg
88456,Ingoldingen,Kreis Biberach,Baden-Württemberg
88499,Emeringen,Alb-Donau-Kreis,Baden-Württemberg
77833,Ottersweier,Kreis Rastatt,Baden-Württemberg
78050,Villingen-Schwenningen,Schwarzwald-Baar-Kreis,Baden-Württemberg
78056,Villingen-Schwenningen,Schwarzwald-Baar-Kreis,Baden-Württemberg
78052,Villingen-Schwenningen,Schwarzwald-Baar-Kreis,Baden-Württemberg
78048,Villingen-Schwenningen,Schwarzwald-Baar-Kreis,Baden-Württemberg
78054,Villingen-Schwenningen,Schwarzwald-Baar-Kreis,Baden-Württemberg
71640,Ludwigsburg/Württemberg,Kreis Ludwigsburg,Baden-Württemberg
71672,Ludwigsburg/Württemberg,Kreis Ludwigsburg,Baden-Württemberg
71634,Ludwigsburg/Württemberg,Kreis Ludwigsburg,Baden-Württemberg
71636,Ludwigsburg/Württemberg,Kreis Ludwigsburg,Baden-Württemberg
71642,Ludwigsburg/Württemberg,Kreis Ludwigsburg,Baden-Württemberg
78713,Dunningen,Kreis Rottweil,Baden-Württemberg
78655,Dunningen,Kreis Rottweil,Baden-Württemberg
78462,Konstanz Konstanz-Paradies,Kreis Konstanz,Baden-Württemberg
77716,Fischerbach,Ortenaukreis,Baden-Württemberg
77652,Offenburg,Ortenaukreis,Baden-Württemberg
77654,Offenburg,Ortenaukreis,Baden-Württemberg
77656,Offenburg,Ortenaukreis,Baden-Württemberg
72459,Albstadt,Zollernalbkreis,Baden-Württemberg
72458,Albstadt,Zollernalbkreis,Baden-Württemberg
72461,Albstadt,Zollernalbkreis,Baden-Württemberg
70629,Albstadt,Zollernalbkreis,Baden-Württemberg
72768,Reutlingen,Kreis Reutlingen,Baden-Württemberg
72760,Reutlingen,Kreis Reutlingen,Baden-Württemberg
72770,Reutlingen,Kreis Reutlingen,Baden-Württemberg
72764,Reutlingen,Kreis Reutlingen,Baden-Württemberg
72762,Reutlingen,Kreis Reutlingen,Baden-Württemberg
72766,Reutlingen,Kreis Reutlingen,Baden-Württemberg
70329,Reutlingen,Kreis Reutlingen,Baden-Württemberg
72072,Tübingen,Kreis Tübingen,Baden-Württemberg
72076,Tübingen,Kreis Tübingen,Baden-Württemberg
72070,Tübingen,Kreis Tübingen,Baden-Württemberg
72074,Tübingen,Kreis Tübingen,Baden-Württemberg
72070,Ammerbuch,Kreis Tübingen,Baden-Württemberg
72119,Ammerbuch,Kreis Tübingen,Baden-Württemberg
71334,Waiblingen,Rems-Murr-Kreis,Baden-Württemberg
71332,Waiblingen,Rems-Murr-Kreis,Baden-Württemberg
71336,Waiblingen,Rems-Murr-Kreis,Baden-Württemberg
78464,Konstanz Konstanz-Egg,Kreis Konstanz,Baden-Württemberg
78465,Konstanz Konstanz-Litzelstetten,Kreis Konstanz,Baden-Württemberg
75175,Konstanz Konstanz-Litzelstetten,Kreis Konstanz,Baden-Württemberg
75172,Konstanz Konstanz-Litzelstetten,Kreis Konstanz,Baden-Württemberg
75177,Konstanz Konstanz-Litzelstetten,Kreis Konstanz,Baden-Württemberg
75180,Konstanz Konstanz-Litzelstetten,Kreis Konstanz,Baden-Württemberg
75179,Konstanz Konstanz-Litzelstetten,Kreis Konstanz,Baden-Württemberg
75173,Konstanz Konstanz-Litzelstetten,Kreis Konstanz,Baden-Württemberg
75181,Konstanz Konstanz-Litzelstetten,Kreis Konstanz,Baden-Württemberg
75050,Gemmingen,Kreis Heilbronn,Baden-Württemberg
74918,Angelbachtal,Rhein-Neckar-Kreis,Baden-Württemberg
74931,Lobbach,Rhein-Neckar-Kreis,Baden-Württemberg
74909,Meckesheim,Rhein-Neckar-Kreis,Baden-Württemberg
74889,Sinsheim,Rhein-Neckar-Kreis,Baden-Württemberg
74937,Spechbach,Rhein-Neckar-Kreis,Baden-Württemberg
74921,Helmstadt-Bargen,Rhein-Neckar-Kreis,Baden-Württemberg
74927,Eschelbronn,Rhein-Neckar-Kreis,Baden-Württemberg
74924,Neckarbischofsheim,Rhein-Neckar-Kreis,Baden-Württemberg
74915,Waibstadt,Rhein-Neckar-Kreis,Baden-Württemberg
74933,Neidenstein,Rhein-Neckar-Kreis,Baden-Württemberg
74925,Epfenbach,Rhein-Neckar-Kreis,Baden-Württemberg
74934,Reichartshausen,Rhein-Neckar-Kreis,Baden-Württemberg
74939,Zuzenhausen,Rhein-Neckar-Kreis,Baden-Württemberg
70437,Zuzenhausen,Rhein-Neckar-Kreis,Baden-Württemberg
70193,Zuzenhausen,Rhein-Neckar-Kreis,Baden-Württemberg
70806,Kornwestheim,Kreis Ludwigsburg,Baden-Württemberg
70178,Kornwestheim,Kreis Ludwigsburg,Baden-Württemberg
70372,Kornwestheim,Kreis Ludwigsburg,Baden-Württemberg
70195,Kornwestheim,Kreis Ludwigsburg,Baden-Württemberg
70565,Kornwestheim,Kreis Ludwigsburg,Baden-Württemberg
70188,Kornwestheim,Kreis Ludwigsburg,Baden-Württemberg
70374,Kornwestheim,Kreis Ludwigsburg,Baden-Württemberg
70567,Kornwestheim,Kreis Ludwigsburg,Baden-Württemberg
70439,Kornwestheim,Kreis Ludwigsburg,Baden-Württemberg
70734,Fellbach,Rems-Murr-Kreis,Baden-Württemberg
70736,Fellbach,Rems-Murr-Kreis,Baden-Württemberg
70190,Fellbach,Rems-Murr-Kreis,Baden-Württemberg
70825,Korntal-Münchingen,Kreis Ludwigsburg,Baden-Württemberg
70180,Korntal-Münchingen,Kreis Ludwigsburg,Baden-Württemberg
70197,Korntal-Münchingen,Kreis Ludwigsburg,Baden-Württemberg
70469,Korntal-Münchingen,Kreis Ludwigsburg,Baden-Württemberg
70182,Korntal-Münchingen,Kreis Ludwigsburg,Baden-Württemberg
70376,Korntal-Münchingen,Kreis Ludwigsburg,Baden-Württemberg
70199,Korntal-Münchingen,Kreis Ludwigsburg,Baden-Württemberg
70569,Korntal-Münchingen,Kreis Ludwigsburg,Baden-Württemberg
70597,Korntal-Münchingen,Kreis Ludwigsburg,Baden-Württemberg
70191,Korntal-Münchingen,Kreis Ludwigsburg,Baden-Württemberg
70771,Leinfelden-Echterdingen,Kreis Esslingen,Baden-Württemberg
71144,Leinfelden-Echterdingen,Kreis Esslingen,Baden-Württemberg
70174,Leinfelden-Echterdingen,Kreis Esslingen,Baden-Württemberg
70173,Leinfelden-Echterdingen,Kreis Esslingen,Baden-Württemberg
70192,Leinfelden-Echterdingen,Kreis Esslingen,Baden-Württemberg
70499,Leinfelden-Echterdingen,Kreis Esslingen,Baden-Württemberg
70184,Leinfelden-Echterdingen,Kreis Esslingen,Baden-Württemberg
70327,Leinfelden-Echterdingen,Kreis Esslingen,Baden-Württemberg
70563,Leinfelden-Echterdingen,Kreis Esslingen,Baden-Württemberg
70186,Leinfelden-Echterdingen,Kreis Esslingen,Baden-Württemberg
70435,Leinfelden-Echterdingen,Kreis Esslingen,Baden-Württemberg
70619,Leinfelden-Echterdingen,Kreis Esslingen,Baden-Württemberg
70599,Leinfelden-Echterdingen,Kreis Esslingen,Baden-Württemberg
75217,Birkenfeld/Württemberg,Enzkreis,Baden-Württemberg
75331,Engelsbrand,Enzkreis,Baden-Württemberg
75210,Keltern,Enzkreis,Baden-Württemberg
75443,Ötisheim,Enzkreis,Baden-Württemberg
75305,Neuenbürg,Enzkreis,Baden-Württemberg
75059,Neuenbürg,Enzkreis,Baden-Württemberg
75059,Sulzfeld/Baden,Kreis Karlsruhe,Baden-Württemberg
75056,Sulzfeld/Baden,Kreis Karlsruhe,Baden-Württemberg
75031,Sulzfeld/Baden,Kreis Karlsruhe,Baden-Württemberg
75239,Eisingen/Baden,Enzkreis,Baden-Württemberg
75447,Sternenfels,Enzkreis,Baden-Württemberg
75053,Gondelsheim,Kreis Karlsruhe,Baden-Württemberg
75428,Illingen/Württemberg,Enzkreis,Baden-Württemberg
75233,Tiefenbronn,Enzkreis,Baden-Württemberg
75045,Walzbachtal,Kreis Karlsruhe,Baden-Württemberg
75248,Ölbronn-Dürrn,Enzkreis,Baden-Württemberg
75387,Neubulach,Kreis Calw,Baden-Württemberg
75385,Neubulach,Kreis Calw,Baden-Württemberg
75417,Mühlacker,Enzkreis,Baden-Württemberg
75446,Wiernsheim,Enzkreis,Baden-Württemberg
75337,Enzklösterle,Kreis Calw,Baden-Württemberg
75038,Oberderdingen,Kreis Karlsruhe,Baden-Württemberg
75196,Remchingen,Enzkreis,Baden-Württemberg
75249,Kieselbronn,Enzkreis,Baden-Württemberg
75228,Ispringen,Enzkreis,Baden-Württemberg
75057,Kürnbach,Kreis Karlsruhe,Baden-Württemberg
75015,Bretten,Kreis Karlsruhe,Baden-Württemberg
75334,Straubenhardt,Enzkreis,Baden-Württemberg
75031,Eppingen,Kreis Heilbronn,Baden-Württemberg
75449,Wurmberg,Enzkreis,Baden-Württemberg
75438,Knittlingen,Enzkreis,Baden-Württemberg
74235,Erlenbach Kr. Heilbronn,Kreis Heilbronn,Baden-Württemberg
74076,Erlenbach Kr. Heilbronn,Kreis Heilbronn,Baden-Württemberg
74081,Erlenbach Kr. Heilbronn,Kreis Heilbronn,Baden-Württemberg
74078,Erlenbach Kr. Heilbronn,Kreis Heilbronn,Baden-Württemberg
74080,Erlenbach Kr. Heilbronn,Kreis Heilbronn,Baden-Württemberg
74074,Erlenbach Kr. Heilbronn,Kreis Heilbronn,Baden-Württemberg
74072,Erlenbach Kr. Heilbronn,Kreis Heilbronn,Baden-Württemberg
74336,Brackenheim,Kreis Heilbronn,Baden-Württemberg
74357,Brackenheim,Kreis Heilbronn,Baden-Württemberg
74254,Offenau,Kreis Heilbronn,Baden-Württemberg
74374,Zaberfeld,Kreis Heilbronn,Baden-Württemberg
74397,Pfaffenhofen/Württemberg,Kreis Heilbronn,Baden-Württemberg
74831,Gundelsheim/Württemberg,Kreis Heilbronn,Baden-Württemberg
74196,Oedheim,Kreis Heilbronn,Baden-Württemberg
74229,Oedheim,Kreis Heilbronn,Baden-Württemberg
74196,Neuenstadt am Kocher,Kreis Heilbronn,Baden-Württemberg
74182,Obersulm,Kreis Heilbronn,Baden-Württemberg
74246,Eberstadt,Kreis Heilbronn,Baden-Württemberg
74391,Erligheim,Kreis Ludwigsburg,Baden-Württemberg
74255,Erligheim,Kreis Ludwigsburg,Baden-Württemberg
74366,Kirchheim am Neckar,Kreis Ludwigsburg,Baden-Württemberg
74399,Walheim,Kreis Ludwigsburg,Baden-Württemberg
74199,Untergruppenbach,Kreis Heilbronn,Baden-Württemberg
74354,Besigheim,Kreis Ludwigsburg,Baden-Württemberg
74392,Freudental,Kreis Ludwigsburg,Baden-Württemberg
74930,Ittlingen,Kreis Heilbronn,Baden-Württemberg
74259,Widdern,Kreis Heilbronn,Baden-Württemberg
74251,Lehrensteinsfeld,Kreis Heilbronn,Baden-Württemberg
74369,Löchgau,Kreis Ludwigsburg,Baden-Württemberg
74861,Neudenau,Kreis Heilbronn,Baden-Württemberg
74189,Weinsberg,Kreis Heilbronn,Baden-Württemberg
74172,Neckarsulm,Kreis Heilbronn,Baden-Württemberg
74357,Bönnigheim,Kreis Ludwigsburg,Baden-Württemberg
74388,Talheim/Neckar,Kreis Heilbronn,Baden-Württemberg
74223,Talheim/Neckar,Kreis Heilbronn,Baden-Württemberg
74906,Bad Rappenau,Kreis Heilbronn,Baden-Württemberg
74232,Abstatt,Kreis Heilbronn,Baden-Württemberg
74252,Massenbachhausen,Kreis Heilbronn,Baden-Württemberg
74360,Neckarwestheim,Kreis Heilbronn,Baden-Württemberg
74382,Neckarwestheim,Kreis Heilbronn,Baden-Württemberg
74360,Ilsfeld,Kreis Heilbronn,Baden-Württemberg
74389,Cleebronn,Kreis Heilbronn,Baden-Württemberg
74376,Gemmrigheim,Kreis Ludwigsburg,Baden-Württemberg
74223,Flein,Kreis Heilbronn,Baden-Württemberg
74219,Möckmühl,Kreis Heilbronn,Baden-Württemberg
74248,Ellhofen,Kreis Heilbronn,Baden-Württemberg
74363,Güglingen,Kreis Heilbronn,Baden-Württemberg
74936,Siegelsbach,Kreis Heilbronn,Baden-Württemberg
74239,Hardthausen am Kocher,Kreis Heilbronn,Baden-Württemberg
74249,Hardthausen am Kocher,Kreis Heilbronn,Baden-Württemberg
74348,Lauffen am Neckar,Kreis Heilbronn,Baden-Württemberg
74379,Ingersheim,Kreis Ludwigsburg,Baden-Württemberg
74226,Nordheim/Württemberg,Kreis Heilbronn,Baden-Württemberg
74206,Bad Wimpfen,Kreis Heilbronn,Baden-Württemberg
74249,Öhringen,Hohenlohekreis,Baden-Württemberg
74613,Öhringen,Hohenlohekreis,Baden-Württemberg
74249,Jagsthausen,Kreis Heilbronn,Baden-Württemberg
74249,Forchtenberg,Hohenlohekreis,Baden-Württemberg
74632,Forchtenberg,Hohenlohekreis,Baden-Württemberg
74639,Forchtenberg,Hohenlohekreis,Baden-Württemberg
74670,Forchtenberg,Hohenlohekreis,Baden-Württemberg
74394,Hessigheim,Kreis Ludwigsburg,Baden-Württemberg
74394,Mundelsheim,Kreis Ludwigsburg,Baden-Württemberg
74395,Mundelsheim,Kreis Ludwigsburg,Baden-Württemberg
74385,Mundelsheim,Kreis Ludwigsburg,Baden-Württemberg
74372,Sersheim,Kreis Ludwigsburg,Baden-Württemberg
74211,Leingarten,Kreis Heilbronn,Baden-Württemberg
74177,Bad Friedrichshall,Kreis Heilbronn,Baden-Württemberg
74245,Löwenstein,Kreis Heilbronn,Baden-Württemberg
71069,Sindelfingen,Kreis Böblingen,Baden-Württemberg
71063,Sindelfingen,Kreis Böblingen,Baden-Württemberg
71067,Sindelfingen,Kreis Böblingen,Baden-Württemberg
71065,Sindelfingen,Kreis Böblingen,Baden-Württemberg
79837,Ibach,Kreis Waldshut,Baden-Württemberg
88605,Meßkirch,Kreis Sigmaringen,Baden-Württemberg
71032,Böblingen,Kreis Böblingen,Baden-Württemberg
71034,Böblingen,Kreis Böblingen,Baden-Württemberg
64754,Eberbach,Rhein-Neckar-Kreis,Baden-Württemberg
69434,Eberbach,Rhein-Neckar-Kreis,Baden-Württemberg
69429,Eberbach,Rhein-Neckar-Kreis,Baden-Württemberg
69412,Eberbach,Rhein-Neckar-Kreis,Baden-Württemberg
74744,Ahorn/Baden,Main-Tauber-Kreis,Baden-Württemberg
74736,Hardheim,Neckar-Odenwald-Kreis,Baden-Württemberg
74749,Rosenberg/Baden,Neckar-Odenwald-Kreis,Baden-Württemberg
74731,Walldürn,Neckar-Odenwald-Kreis,Baden-Württemberg
63928,Walldürn,Neckar-Odenwald-Kreis,Baden-Württemberg
75399,Unterreichenbach,Kreis Calw,Baden-Württemberg
75242,Neuhausen/Enzkreis,Enzkreis,Baden-Württemberg
74638,Waldenburg/Württemberg,Hohenlohekreis,Baden-Württemberg
74626,Bretzfeld,Hohenlohekreis,Baden-Württemberg
74535,Mainhardt,Kreis Schwäbisch Hall,Baden-Württemberg
74523,Mainhardt,Kreis Schwäbisch Hall,Baden-Württemberg
74545,Michelfeld,Kreis Schwäbisch Hall,Baden-Württemberg
74544,Michelbach an der Bilz,Kreis Schwäbisch Hall,Baden-Württemberg
74523,Michelbach an der Bilz,Kreis Schwäbisch Hall,Baden-Württemberg
74538,Rosengarten/Württemberg,Kreis Schwäbisch Hall,Baden-Württemberg
69115,Rosengarten/Württemberg,Kreis Schwäbisch Hall,Baden-Württemberg
69120,Rosengarten/Württemberg,Kreis Schwäbisch Hall,Baden-Württemberg
69121,Rosengarten/Württemberg,Kreis Schwäbisch Hall,Baden-Württemberg
69126,Rosengarten/Württemberg,Kreis Schwäbisch Hall,Baden-Württemberg
69124,Rosengarten/Württemberg,Kreis Schwäbisch Hall,Baden-Württemberg
69118,Rosengarten/Württemberg,Kreis Schwäbisch Hall,Baden-Württemberg
69123,Rosengarten/Württemberg,Kreis Schwäbisch Hall,Baden-Württemberg
69117,Rosengarten/Württemberg,Kreis Schwäbisch Hall,Baden-Württemberg
75378,Bad Liebenzell,Kreis Calw,Baden-Württemberg
75394,Oberreichenbach/Württemberg,Kreis Calw,Baden-Württemberg
74532,Wolpertshausen,Kreis Schwäbisch Hall,Baden-Württemberg
74549,Wolpertshausen,Kreis Schwäbisch Hall,Baden-Württemberg
74532,Ilshofen,Kreis Schwäbisch Hall,Baden-Württemberg
69436,Schönbrunn/Baden,Rhein-Neckar-Kreis,Baden-Württemberg
69469,Weinheim,Rhein-Neckar-Kreis,Baden-Württemberg
74523,Schwäbisch Hall,Kreis Schwäbisch Hall,Baden-Württemberg
74523,Braunsbach,Kreis Schwäbisch Hall,Baden-Württemberg
74542,Braunsbach,Kreis Schwäbisch Hall,Baden-Württemberg
73489,Braunsbach,Kreis Schwäbisch Hall,Baden-Württemberg
73494,Braunsbach,Kreis Schwäbisch Hall,Baden-Württemberg
69250,Schönau/Odenwald,Rhein-Neckar-Kreis,Baden-Württemberg
69493,Hirschberg a.d. Bergstraße,Rhein-Neckar-Kreis,Baden-Württemberg
69151,Neckargemünd,Rhein-Neckar-Kreis,Baden-Württemberg
69434,Heddesbach,Rhein-Neckar-Kreis,Baden-Württemberg
69190,Walldorf/Baden,Rhein-Neckar-Kreis,Baden-Württemberg
74541,Vellberg,Kreis Schwäbisch Hall,Baden-Württemberg
69439,Zwingenberg/Baden,Neckar-Odenwald-Kreis,Baden-Württemberg
68229,Zwingenberg/Baden,Neckar-Odenwald-Kreis,Baden-Württemberg
69207,Sandhausen,Rhein-Neckar-Kreis,Baden-Württemberg
69181,Leimen/Baden,Rhein-Neckar-Kreis,Baden-Württemberg
69437,Neckargerach,Neckar-Odenwald-Kreis,Baden-Württemberg
69245,Bammental,Rhein-Neckar-Kreis,Baden-Württemberg
69429,Waldbrunn/Odenwald,Neckar-Odenwald-Kreis,Baden-Württemberg
69259,Wilhelmsfeld,Rhein-Neckar-Kreis,Baden-Württemberg
69427,Mudau,Neckar-Odenwald-Kreis,Baden-Württemberg
69226,Nußloch,Rhein-Neckar-Kreis,Baden-Württemberg
69168,Wiesloch,Rhein-Neckar-Kreis,Baden-Württemberg
69253,Heiligkreuzsteinach,Rhein-Neckar-Kreis,Baden-Württemberg
69502,Heiligkreuzsteinach,Rhein-Neckar-Kreis,Baden-Württemberg
74599,Wallhausen/Württemberg,Kreis Schwäbisch Hall,Baden-Württemberg
69256,Mauer,Rhein-Neckar-Kreis,Baden-Württemberg
69221,Dossenheim,Rhein-Neckar-Kreis,Baden-Württemberg
69198,Schriesheim,Rhein-Neckar-Kreis,Baden-Württemberg
69514,Laudenbach/Bergstraße,Rhein-Neckar-Kreis,Baden-Württemberg
69214,Eppelheim,Rhein-Neckar-Kreis,Baden-Württemberg
69251,Gaiberg,Rhein-Neckar-Kreis,Baden-Württemberg
74592,Kirchberg an der Jagst,Kreis Schwäbisch Hall,Baden-Württemberg
68165,Kirchberg an der Jagst,Kreis Schwäbisch Hall,Baden-Württemberg
74589,Satteldorf,Kreis Schwäbisch Hall,Baden-Württemberg
74564,Satteldorf,Kreis Schwäbisch Hall,Baden-Württemberg
68309,Satteldorf,Kreis Schwäbisch Hall,Baden-Württemberg
68159,Satteldorf,Kreis Schwäbisch Hall,Baden-Württemberg
68723,Schwetzingen,Rhein-Neckar-Kreis,Baden-Württemberg
74594,Kreßberg,Kreis Schwäbisch Hall,Baden-Württemberg
68305,Kreßberg,Kreis Schwäbisch Hall,Baden-Württemberg
74564,Crailsheim,Kreis Schwäbisch Hall,Baden-Württemberg
74597,Crailsheim,Kreis Schwäbisch Hall,Baden-Württemberg
74597,Jagstzell,Ostalbkreis,Baden-Württemberg
74579,Jagstzell,Ostalbkreis,Baden-Württemberg
73489,Jagstzell,Ostalbkreis,Baden-Württemberg
74597,Stimpfach,Kreis Schwäbisch Hall,Baden-Württemberg
68549,Ilvesheim,Rhein-Neckar-Kreis,Baden-Württemberg
68169,Ilvesheim,Rhein-Neckar-Kreis,Baden-Württemberg
68789,Sankt Leon-Rot,Rhein-Neckar-Kreis,Baden-Württemberg
68526,Ladenburg,Rhein-Neckar-Kreis,Baden-Württemberg
68163,Ladenburg,Rhein-Neckar-Kreis,Baden-Württemberg
68766,Hockenheim,Rhein-Neckar-Kreis,Baden-Württemberg
68307,Hockenheim,Rhein-Neckar-Kreis,Baden-Württemberg
68239,Hockenheim,Rhein-Neckar-Kreis,Baden-Württemberg
68809,Neulußheim,Rhein-Neckar-Kreis,Baden-Württemberg
68199,Neulußheim,Rhein-Neckar-Kreis,Baden-Württemberg
68794,Oberhausen-Rheinhausen,Kreis Karlsruhe,Baden-Württemberg
68535,Edingen-Neckarhausen,Rhein-Neckar-Kreis,Baden-Württemberg
68775,Ketsch,Rhein-Neckar-Kreis,Baden-Württemberg
68259,Ketsch,Rhein-Neckar-Kreis,Baden-Württemberg
68219,Ketsch,Rhein-Neckar-Kreis,Baden-Württemberg
68799,Reilingen,Rhein-Neckar-Kreis,Baden-Württemberg
68542,Heddesheim,Rhein-Neckar-Kreis,Baden-Württemberg
68167,Heddesheim,Rhein-Neckar-Kreis,Baden-Württemberg
68782,Brühl/Baden,Rhein-Neckar-Kreis,Baden-Württemberg
97896,Brühl/Baden,Rhein-Neckar-Kreis,Baden-Württemberg
73340,Amstetten,Alb-Donau-Kreis,Baden-Württemberg
73467,Kirchheim am Ries,Ostalbkreis,Baden-Württemberg
73441,Kirchheim am Ries,Ostalbkreis,Baden-Württemberg
73499,Wört,Ostalbkreis,Baden-Württemberg
73488,Ellenberg/Württemberg,Ostalbkreis,Baden-Württemberg
73495,Stödtlen,Ostalbkreis,Baden-Württemberg
73497,Tannhausen,Ostalbkreis,Baden-Württemberg
73485,Tannhausen,Ostalbkreis,Baden-Württemberg
73485,Unterschneidheim,Ostalbkreis,Baden-Württemberg
89129,Nerenstetten,Alb-Donau-Kreis,Baden-Württemberg
89191,Nellingen,Alb-Donau-Kreis,Baden-Württemberg
73479,Ellwangen/Jagst,Ostalbkreis,Baden-Württemberg
73494,Rosenberg/Württemberg,Ostalbkreis,Baden-Württemberg
74417,Gschwend,Ostalbkreis,Baden-Württemberg
74405,Gaildorf,Kreis Schwäbisch Hall,Baden-Württemberg
71549,Auenwald,Rems-Murr-Kreis,Baden-Württemberg
71549,Althütte,Rems-Murr-Kreis,Baden-Württemberg
71566,Althütte,Rems-Murr-Kreis,Baden-Württemberg
71364,Affalterbach,Kreis Ludwigsburg,Baden-Württemberg
71563,Affalterbach,Kreis Ludwigsburg,Baden-Württemberg
71364,Winnenden,Rems-Murr-Kreis,Baden-Württemberg
89547,Gerstetten,Kreis Heidenheim,Baden-Württemberg
89520,Gerstetten,Kreis Heidenheim,Baden-Württemberg
89564,Nattheim,Kreis Heidenheim,Baden-Württemberg
89567,Sontheim an der Brenz,Kreis Heidenheim,Baden-Württemberg
89542,Herbrechtingen,Kreis Heidenheim,Baden-Württemberg
89522,Herbrechtingen,Kreis Heidenheim,Baden-Württemberg
89561,Dischingen,Kreis Heidenheim,Baden-Württemberg
73450,Dischingen,Kreis Heidenheim,Baden-Württemberg
89522,Giengen an der Brenz,Kreis Heidenheim,Baden-Württemberg
89537,Giengen an der Brenz,Kreis Heidenheim,Baden-Württemberg
89168,Niederstotzingen,Kreis Heidenheim,Baden-Württemberg
89537,Hermaringen,Kreis Heidenheim,Baden-Württemberg
89568,Hermaringen,Kreis Heidenheim,Baden-Württemberg
89551,Königsbronn,Kreis Heidenheim,Baden-Württemberg
89073,Königsbronn,Kreis Heidenheim,Baden-Württemberg
89075,Königsbronn,Kreis Heidenheim,Baden-Württemberg
89081,Königsbronn,Kreis Heidenheim,Baden-Württemberg
89160,Königsbronn,Kreis Heidenheim,Baden-Württemberg
89079,Königsbronn,Kreis Heidenheim,Baden-Württemberg
89077,Königsbronn,Kreis Heidenheim,Baden-Württemberg
89174,Altheim/Alb,Alb-Donau-Kreis,Baden-Württemberg
89610,Oberdischingen,Alb-Donau-Kreis,Baden-Württemberg
89134,Blaustein,Alb-Donau-Kreis,Baden-Württemberg
89183,Breitingen,Alb-Donau-Kreis,Baden-Württemberg
89198,Westerstetten,Alb-Donau-Kreis,Baden-Württemberg
89614,Öpfingen,Alb-Donau-Kreis,Baden-Württemberg
89180,Öpfingen,Alb-Donau-Kreis,Baden-Württemberg
89143,Öpfingen,Alb-Donau-Kreis,Baden-Württemberg
89616,Rottenacker,Alb-Donau-Kreis,Baden-Württemberg
89584,Ehingen/Donau,Alb-Donau-Kreis,Baden-Württemberg
89160,Dornstadt,Alb-Donau-Kreis,Baden-Württemberg
89189,Neenstetten,Alb-Donau-Kreis,Baden-Württemberg
89173,Lonsee,Alb-Donau-Kreis,Baden-Württemberg
89194,Schnürpflingen,Alb-Donau-Kreis,Baden-Württemberg
89197,Weidenstetten,Alb-Donau-Kreis,Baden-Württemberg
89613,Oberstadion,Alb-Donau-Kreis,Baden-Württemberg
89150,Laichingen,Alb-Donau-Kreis,Baden-Württemberg
89186,Illerrieden,Alb-Donau-Kreis,Baden-Württemberg
89605,Altheim b. Ehingen,Alb-Donau-Kreis,Baden-Württemberg
89179,Beimerstetten,Alb-Donau-Kreis,Baden-Württemberg
89155,Erbach/Donau,Alb-Donau-Kreis,Baden-Württemberg
89171,Illerkirchberg,Alb-Donau-Kreis,Baden-Württemberg
89619,Unterstadion,Alb-Donau-Kreis,Baden-Württemberg
89601,Schelklingen,Alb-Donau-Kreis,Baden-Württemberg
89192,Rammingen/Württemberg,Alb-Donau-Kreis,Baden-Württemberg
89176,Asselfingen,Alb-Donau-Kreis,Baden-Württemberg
89195,Staig,Alb-Donau-Kreis,Baden-Württemberg
89185,Hüttisheim,Alb-Donau-Kreis,Baden-Württemberg
89604,Allmendingen,Alb-Donau-Kreis,Baden-Württemberg
89177,Börslingen,Alb-Donau-Kreis,Baden-Württemberg
89608,Griesingen,Alb-Donau-Kreis,Baden-Württemberg
89182,Bernstadt (Württ.),Alb-Donau-Kreis,Baden-Württemberg
89617,Untermarchtal,Alb-Donau-Kreis,Baden-Württemberg
89597,Munderkingen,Alb-Donau-Kreis,Baden-Württemberg
89165,Wain,Kreis Biberach,Baden-Württemberg
88489,Wain,Kreis Biberach,Baden-Württemberg
89165,Dietenheim,Alb-Donau-Kreis,Baden-Württemberg
73466,Lauchheim,Ostalbkreis,Baden-Württemberg
73463,Westhausen/Württemberg,Ostalbkreis,Baden-Württemberg
73469,Riesbürg,Ostalbkreis,Baden-Württemberg
73450,Neresheim,Ostalbkreis,Baden-Württemberg
73441,Neresheim,Ostalbkreis,Baden-Württemberg
73441,Bopfingen,Ostalbkreis,Baden-Württemberg
73547,Wäschenbeuren,Kreis Göppingen,Baden-Württemberg
73116,Wäschenbeuren,Kreis Göppingen,Baden-Württemberg
73547,Lorch/Württemberg,Ostalbkreis,Baden-Württemberg
74746,Höpfingen,Neckar-Odenwald-Kreis,Baden-Württemberg
74747,Ravenstein,Neckar-Odenwald-Kreis,Baden-Württemberg
74740,Adelsheim,Neckar-Odenwald-Kreis,Baden-Württemberg
74706,Osterburken,Neckar-Odenwald-Kreis,Baden-Württemberg
74864,Fahrenbach,Neckar-Odenwald-Kreis,Baden-Württemberg
74838,Limbach/Baden,Neckar-Odenwald-Kreis,Baden-Württemberg
74834,Limbach/Baden,Neckar-Odenwald-Kreis,Baden-Württemberg
74850,Schefflenz,Neckar-Odenwald-Kreis,Baden-Württemberg
74842,Billigheim,Neckar-Odenwald-Kreis,Baden-Württemberg
74834,Elztal,Neckar-Odenwald-Kreis,Baden-Württemberg
79111,Elztal,Neckar-Odenwald-Kreis,Baden-Württemberg
74865,Neckarzimmern,Neckar-Odenwald-Kreis,Baden-Württemberg
74821,Mosbach,Neckar-Odenwald-Kreis,Baden-Württemberg
74928,Hüffenhardt,Neckar-Odenwald-Kreis,Baden-Württemberg
74855,Haßmersheim,Neckar-Odenwald-Kreis,Baden-Württemberg
79114,Haßmersheim,Neckar-Odenwald-Kreis,Baden-Württemberg
79112,Haßmersheim,Neckar-Odenwald-Kreis,Baden-Württemberg
74862,Binau,Neckar-Odenwald-Kreis,Baden-Württemberg
74847,Obrigheim/Baden,Neckar-Odenwald-Kreis,Baden-Württemberg
74869,Schwarzach/Odenwald,Neckar-Odenwald-Kreis,Baden-Württemberg
74867,Neunkirchen b. Mosbach,Neckar-Odenwald-Kreis,Baden-Württemberg
74858,Aglasterhausen,Neckar-Odenwald-Kreis,Baden-Württemberg
69242,Mühlhausen/Kraichgau,Rhein-Neckar-Kreis,Baden-Württemberg
71120,Mühlhausen/Kraichgau,Rhein-Neckar-Kreis,Baden-Württemberg
75395,Ostelsheim,Kreis Calw,Baden-Württemberg
71263,Weil der Stadt,Kreis Böblingen,Baden-Württemberg
74639,Zweiflingen,Hohenlohekreis,Baden-Württemberg
75397,Simmozheim,Kreis Calw,Baden-Württemberg
75382,Althengstett,Kreis Calw,Baden-Württemberg
75365,Calw,Kreis Calw,Baden-Württemberg
74676,Niedernhall,Hohenlohekreis,Baden-Württemberg
74679,Weißbach/Württemberg,Hohenlohekreis,Baden-Württemberg
74214,Schöntal,Hohenlohekreis,Baden-Württemberg
79110,Schöntal,Hohenlohekreis,Baden-Württemberg
79108,Schöntal,Hohenlohekreis,Baden-Württemberg
75385,Neuweiler,Kreis Calw,Baden-Württemberg
75389,Neuweiler,Kreis Calw,Baden-Württemberg
75385,Bad Teinach-Zavelstein,Kreis Calw,Baden-Württemberg
88524,Uttenweiler,Kreis Biberach,Baden-Württemberg
88529,Zwiefalten,Kreis Reutlingen,Baden-Württemberg
74677,Dörzbach,Hohenlohekreis,Baden-Württemberg
88441,Mittelbiberach,Kreis Biberach,Baden-Württemberg
88471,Laupheim,Kreis Biberach,Baden-Württemberg
88718,Daisendorf,Bodenseekreis,Baden-Württemberg
88379,Daisendorf,Bodenseekreis,Baden-Württemberg
88373,Fleischwangen,Kreis Ravensburg,Baden-Württemberg
88483,Burgrieden,Kreis Biberach,Baden-Württemberg
88085,Langenargen,Bodenseekreis,Baden-Württemberg
74238,Krautheim/Jagst,Hohenlohekreis,Baden-Württemberg
88255,Baienfurt,Kreis Ravensburg,Baden-Württemberg
88317,Aichstetten,Kreis Ravensburg,Baden-Württemberg
88410,Bad Wurzach,Kreis Ravensburg,Baden-Württemberg
88437,Maselheim,Kreis Biberach,Baden-Württemberg
88453,Kirchdorf an der Iller,Kreis Biberach,Baden-Württemberg
88457,Kirchdorf an der Iller,Kreis Biberach,Baden-Württemberg
88450,Kirchdorf an der Iller,Kreis Biberach,Baden-Württemberg
88459,Kirchdorf an der Iller,Kreis Biberach,Baden-Württemberg
88453,Erolzheim,Kreis Biberach,Baden-Württemberg
88690,Uhldingen-Mühlhofen,Bodenseekreis,Baden-Württemberg
88719,Stetten b. Meersburg,Bodenseekreis,Baden-Württemberg
71297,Mönsheim,Enzkreis,Baden-Württemberg
88074,Meckenbeuren,Bodenseekreis,Baden-Württemberg
88267,Vogt,Kreis Ravensburg,Baden-Württemberg
88276,Berg Kr. Ravensburg,Kreis Ravensburg,Baden-Württemberg
88374,Hoßkirch,Kreis Ravensburg,Baden-Württemberg
88379,Unterwaldhausen,Kreis Ravensburg,Baden-Württemberg
88682,Salem/Baden,Bodenseekreis,Baden-Württemberg
71296,Heimsheim,Enzkreis,Baden-Württemberg
88239,Wangen im Allgäu,Kreis Ravensburg,Baden-Württemberg
88433,Schemmerhofen,Kreis Biberach,Baden-Württemberg
88450,Berkheim,Kreis Biberach,Baden-Württemberg
88527,Unlingen,Kreis Biberach,Baden-Württemberg
88709,Hagnau am Bodensee,Bodenseekreis,Baden-Württemberg
88289,Waldburg,Kreis Ravensburg,Baden-Württemberg
88371,Ebersbach-Musbach,Kreis Ravensburg,Baden-Württemberg
88376,Königseggwald,Kreis Ravensburg,Baden-Württemberg
71292,Friolzheim,Enzkreis,Baden-Württemberg
88487,Mietingen,Kreis Biberach,Baden-Württemberg
88250,Weingarten/Württemberg,Kreis Ravensburg,Baden-Württemberg
88339,Bad Waldsee,Kreis Ravensburg,Baden-Württemberg
88368,Bergatreute,Kreis Ravensburg,Baden-Württemberg
88451,Dettingen an der Iller,Kreis Biberach,Baden-Württemberg
88521,Ertingen,Kreis Biberach,Baden-Württemberg
88147,Achberg,Kreis Ravensburg,Baden-Württemberg
74575,Schrozberg,Kreis Schwäbisch Hall,Baden-Württemberg
88377,Schrozberg,Kreis Schwäbisch Hall,Baden-Württemberg
88515,Langenenslingen,Kreis Biberach,Baden-Württemberg
88271,Wilhelmsdorf/Württemberg,Kreis Ravensburg,Baden-Württemberg
88361,Eichstegen,Kreis Ravensburg,Baden-Württemberg
88448,Attenweiler,Kreis Biberach,Baden-Württemberg
74572,Blaufelden,Kreis Schwäbisch Hall,Baden-Württemberg
88459,Tannheim,Kreis Biberach,Baden-Württemberg
74673,Mulfingen,Hohenlohekreis,Baden-Württemberg
74595,Langenburg,Kreis Schwäbisch Hall,Baden-Württemberg
74547,Untermünkheim,Kreis Schwäbisch Hall,Baden-Württemberg
74420,Oberrot,Kreis Schwäbisch Hall,Baden-Württemberg
74629,Pfedelbach,Hohenlohekreis,Baden-Württemberg
75335,Dobel,Kreis Calw,Baden-Württemberg
75323,Bad Wildbad im Schwarzwald,Kreis Calw,Baden-Württemberg
73345,Hohenstadt,Kreis Göppingen,Baden-Württemberg
79106,Hohenstadt,Kreis Göppingen,Baden-Württemberg
79115,Hohenstadt,Kreis Göppingen,Baden-Württemberg
79104,Hohenstadt,Kreis Göppingen,Baden-Württemberg
73733,Esslingen am Neckar,Kreis Esslingen,Baden-Württemberg
73732,Esslingen am Neckar,Kreis Esslingen,Baden-Württemberg
73730,Esslingen am Neckar,Kreis Esslingen,Baden-Württemberg
74426,Esslingen am Neckar,Kreis Esslingen,Baden-Württemberg
74424,Bühlertann,Kreis Schwäbisch Hall,Baden-Württemberg
74423,Obersontheim,Kreis Schwäbisch Hall,Baden-Württemberg
79117,Obersontheim,Kreis Schwäbisch Hall,Baden-Württemberg
79102,Obersontheim,Kreis Schwäbisch Hall,Baden-Württemberg
79100,Obersontheim,Kreis Schwäbisch Hall,Baden-Württemberg
74429,Sulzbach-Laufen,Kreis Schwäbisch Hall,Baden-Württemberg
71577,Großerlach,Rems-Murr-Kreis,Baden-Württemberg
71560,Großerlach,Rems-Murr-Kreis,Baden-Württemberg
71570,Backnang,Rems-Murr-Kreis,Baden-Württemberg
71522,Backnang,Rems-Murr-Kreis,Baden-Württemberg
71570,Oppenweiler,Rems-Murr-Kreis,Baden-Württemberg
71560,Oppenweiler,Rems-Murr-Kreis,Baden-Württemberg
71560,Sulzbach an der Murr,Rems-Murr-Kreis,Baden-Württemberg
71579,Aspach b. Backnang,Rems-Murr-Kreis,Baden-Württemberg
71546,Aspach b. Backnang,Rems-Murr-Kreis,Baden-Württemberg
71579,Spiegelberg,Rems-Murr-Kreis,Baden-Württemberg
74427,Fichtenberg/Württemberg,Kreis Schwäbisch Hall,Baden-Württemberg
71540,Fichtenberg/Württemberg,Kreis Schwäbisch Hall,Baden-Württemberg
71540,Murrhardt,Rems-Murr-Kreis,Baden-Württemberg
79098,Murrhardt,Rems-Murr-Kreis,Baden-Württemberg
73072,Donzdorf,Kreis Göppingen,Baden-Württemberg
71409,Schwaikheim,Rems-Murr-Kreis,Baden-Württemberg
71665,Schwaikheim,Rems-Murr-Kreis,Baden-Württemberg
71282,Hemmingen/Württemberg,Kreis Ludwigsburg,Baden-Württemberg
71254,Ditzingen,Kreis Ludwigsburg,Baden-Württemberg
71287,Weissach Württemberg,Kreis Böblingen,Baden-Württemberg
71277,Rutesheim,Kreis Böblingen,Baden-Württemberg
71272,Magstadt,Kreis Böblingen,Baden-Württemberg
71106,Magstadt,Kreis Böblingen,Baden-Württemberg
71272,Renningen,Kreis Böblingen,Baden-Württemberg
71229,Leonberg/Württemberg,Kreis Böblingen,Baden-Württemberg
71696,Möglingen,Kreis Ludwigsburg,Baden-Württemberg
71732,Tamm,Kreis Ludwigsburg,Baden-Württemberg
71732,Asperg,Kreis Ludwigsburg,Baden-Württemberg
71679,Asperg,Kreis Ludwigsburg,Baden-Württemberg
73035,Göppingen,Kreis Göppingen,Baden-Württemberg
73037,Göppingen,Kreis Göppingen,Baden-Württemberg
73033,Göppingen,Kreis Göppingen,Baden-Württemberg
73116,Göppingen,Kreis Göppingen,Baden-Württemberg
71726,Benningen/Neckar,Kreis Ludwigsburg,Baden-Württemberg
71691,Freiberg am Neckar,Kreis Ludwigsburg,Baden-Württemberg
73527,Täferrot,Ostalbkreis,Baden-Württemberg
73577,Täferrot,Ostalbkreis,Baden-Württemberg
71576,Burgstetten,Rems-Murr-Kreis,Baden-Württemberg
71397,Leutenbach/Württemberg,Rems-Murr-Kreis,Baden-Württemberg
71573,Allmersbach im Tal,Rems-Murr-Kreis,Baden-Württemberg
72175,Allmersbach im Tal,Rems-Murr-Kreis,Baden-Württemberg
72293,Glatten,Kreis Freudenstadt,Baden-Württemberg
76275,Ettlingen,Kreis Karlsruhe,Baden-Württemberg
76359,Ettlingen,Kreis Karlsruhe,Baden-Württemberg
72290,Loßburg,Kreis Freudenstadt,Baden-Württemberg
72275,Alpirsbach,Kreis Freudenstadt,Baden-Württemberg
76199,Alpirsbach,Kreis Freudenstadt,Baden-Württemberg
76139,Alpirsbach,Kreis Freudenstadt,Baden-Württemberg
76185,Alpirsbach,Kreis Freudenstadt,Baden-Württemberg
76661,Philippsburg,Kreis Karlsruhe,Baden-Württemberg
76149,Philippsburg,Kreis Karlsruhe,Baden-Württemberg
73577,Ruppertshofen b. Schwäbisch,Ostalbkreis,Baden-Württemberg
73447,Oberkochen,Ostalbkreis,Baden-Württemberg
73574,Göggingen,Ostalbkreis,Baden-Württemberg
73575,Göggingen,Ostalbkreis,Baden-Württemberg
73571,Göggingen,Ostalbkreis,Baden-Württemberg
73574,Iggingen,Ostalbkreis,Baden-Württemberg
73563,Essingen/Württemberg,Ostalbkreis,Baden-Württemberg
73566,Essingen/Württemberg,Ostalbkreis,Baden-Württemberg
73457,Essingen/Württemberg,Ostalbkreis,Baden-Württemberg
73563,Mögglingen,Ostalbkreis,Baden-Württemberg
73560,Böbingen a.d. Rems,Ostalbkreis,Baden-Württemberg
73575,Leinzell,Ostalbkreis,Baden-Württemberg
73572,Heuchlingen,Ostalbkreis,Baden-Württemberg
76706,Dettenheim,Kreis Karlsruhe,Baden-Württemberg
73492,Rainau,Ostalbkreis,Baden-Württemberg
76297,Stutensee,Kreis Karlsruhe,Baden-Württemberg
76133,Stutensee,Kreis Karlsruhe,Baden-Württemberg
76337,Waldbronn,Kreis Karlsruhe,Baden-Württemberg
76351,Linkenheim-Hochstetten,Kreis Karlsruhe,Baden-Württemberg
76676,Graben-Neudorf,Kreis Karlsruhe,Baden-Württemberg
76189,Graben-Neudorf,Kreis Karlsruhe,Baden-Württemberg
73630,Remshalden,Rems-Murr-Kreis,Baden-Württemberg
76707,Hambrücken,Kreis Karlsruhe,Baden-Württemberg
76307,Karlsbad,Kreis Karlsruhe,Baden-Württemberg
76359,Karlsbad,Kreis Karlsruhe,Baden-Württemberg
76135,Karlsbad,Kreis Karlsruhe,Baden-Württemberg
76344,Eggenstein-Leopoldshafen,Kreis Karlsruhe,Baden-Württemberg
76356,Weingarten/Baden,Kreis Karlsruhe,Baden-Württemberg
73669,Lichtenwald,Kreis Esslingen,Baden-Württemberg
76684,Östringen,Kreis Karlsruhe,Baden-Württemberg
76709,Kronau,Kreis Karlsruhe,Baden-Württemberg
76316,Malsch Kr. Karlsruhe,Kreis Karlsruhe,Baden-Württemberg
76530,Malsch Kr. Karlsruhe,Kreis Karlsruhe,Baden-Württemberg
76534,Malsch Kr. Karlsruhe,Kreis Karlsruhe,Baden-Württemberg
73650,Winterbach b. Schorndorf,Rems-Murr-Kreis,Baden-Württemberg
76359,Marxzell,Kreis Karlsruhe,Baden-Württemberg
76689,Karlsdorf-Neuthard,Kreis Karlsruhe,Baden-Württemberg
76227,Karlsdorf-Neuthard,Kreis Karlsruhe,Baden-Württemberg
76327,Pfinztal,Kreis Karlsruhe,Baden-Württemberg
73666,Baltmannsweiler,Kreis Esslingen,Baden-Württemberg
76694,Forst/Baden,Kreis Karlsruhe,Baden-Württemberg
76597,Loffenau,Kreis Rastatt,Baden-Württemberg
76332,Loffenau,Kreis Rastatt,Baden-Württemberg
76228,Loffenau,Kreis Rastatt,Baden-Württemberg
76703,Kraichtal,Kreis Karlsruhe,Baden-Württemberg
72296,Schopfloch Kr. Freudstadt,Kreis Freudenstadt,Baden-Württemberg
76287,Rheinstetten,Kreis Karlsruhe,Baden-Württemberg
76131,Rheinstetten,Kreis Karlsruhe,Baden-Württemberg
76332,Bad Herrenalb,Kreis Calw,Baden-Württemberg
76669,Bad Schönborn,Kreis Karlsruhe,Baden-Württemberg
76187,Bad Schönborn,Kreis Karlsruhe,Baden-Württemberg
76698,Ubstadt-Weiher,Kreis Karlsruhe,Baden-Württemberg
71394,Kernen im Remstal,Rems-Murr-Kreis,Baden-Württemberg
75339,Höfen an der Enz,Kreis Calw,Baden-Württemberg
71139,Ehningen,Kreis Böblingen,Baden-Württemberg
72250,Freudenstadt,Kreis Freudenstadt,Baden-Württemberg
72250,Bad Peterstal-Griesbach,Ortenaukreis,Baden-Württemberg
77740,Bad Peterstal-Griesbach,Ortenaukreis,Baden-Württemberg
72270,Baiersbronn,Kreis Freudenstadt,Baden-Württemberg
72280,Dornstetten,Kreis Freudenstadt,Baden-Württemberg
72178,Waldachtal,Kreis Freudenstadt,Baden-Württemberg
72285,Pfalzgrafenweiler,Kreis Freudenstadt,Baden-Württemberg
72229,Rohrdorf b. Nagold,Kreis Calw,Baden-Württemberg
72221,Haiterbach,Kreis Calw,Baden-Württemberg
72227,Egenhausen,Kreis Calw,Baden-Württemberg
72299,Wörnersberg,Kreis Freudenstadt,Baden-Württemberg
72294,Grömbach,Kreis Freudenstadt,Baden-Württemberg
72297,Grömbach,Kreis Freudenstadt,Baden-Württemberg
72297,Seewald,Kreis Freudenstadt,Baden-Württemberg
72213,Altensteig,Kreis Calw,Baden-Württemberg
72226,Simmersfeld,Kreis Calw,Baden-Württemberg
76596,Forbach,Kreis Rastatt,Baden-Württemberg
76599,Weisenbach,Kreis Rastatt,Baden-Württemberg
76593,Gernsbach,Kreis Rastatt,Baden-Württemberg
75236,Kämpfelbach,Enzkreis,Baden-Württemberg
76448,Durmersheim,Kreis Rastatt,Baden-Württemberg
76477,Elchesheim-Illingen,Kreis Rastatt,Baden-Württemberg
76467,Bietigheim Kr. Rastatt,Kreis Rastatt,Baden-Württemberg
76479,Steinmauern,Kreis Rastatt,Baden-Württemberg
76476,Bischweier,Kreis Rastatt,Baden-Württemberg
76456,Kuppenheim,Kreis Rastatt,Baden-Württemberg
76549,Hügelsheim,Kreis Rastatt,Baden-Württemberg
77773,Schenkenzell,Kreis Rottweil,Baden-Württemberg
78733,Schenkenzell,Kreis Rottweil,Baden-Württemberg
77776,Bad Rippoldsau-Schapbach,Kreis Freudenstadt,Baden-Württemberg
77889,Seebach/Baden,Ortenaukreis,Baden-Württemberg
77883,Ottenhöfen im Schwarzwald,Ortenaukreis,Baden-Württemberg
77794,Lautenbach,Ortenaukreis,Baden-Württemberg
77694,Kehl,Ortenaukreis,Baden-Württemberg
77731,Willstätt,Ortenaukreis,Baden-Württemberg
77767,Appenweier,Ortenaukreis,Baden-Württemberg
77799,Ortenberg/Baden,Ortenaukreis,Baden-Württemberg
77797,Ohlsbach,Ortenaukreis,Baden-Württemberg
77770,Durbach,Ortenaukreis,Baden-Württemberg
77728,Oppenau,Ortenaukreis,Baden-Württemberg
73116,Oppenau,Ortenaukreis,Baden-Württemberg
73102,Oppenau,Ortenaukreis,Baden-Württemberg
73117,Wangen Kr. Göppingen,Kreis Göppingen,Baden-Württemberg
73104,Börtlingen,Kreis Göppingen,Baden-Württemberg
73099,Adelberg,Kreis Göppingen,Baden-Württemberg
73098,Rechberghausen,Kreis Göppingen,Baden-Württemberg
73110,Hattenhofen/Württemberg,Kreis Göppingen,Baden-Württemberg
73095,Albershausen,Kreis Göppingen,Baden-Württemberg
73066,Uhingen,Kreis Göppingen,Baden-Württemberg
73566,Bartholomä,Ostalbkreis,Baden-Württemberg
73540,Heubach,Ostalbkreis,Baden-Württemberg
71157,Hildrizhausen,Kreis Böblingen,Baden-Württemberg
71154,Nufringen,Kreis Böblingen,Baden-Württemberg
71134,Aidlingen,Kreis Böblingen,Baden-Württemberg
71116,Gärtringen,Kreis Böblingen,Baden-Württemberg
72224,Ebhausen,Kreis Calw,Baden-Württemberg
72218,Wildberg/Württemberg,Kreis Calw,Baden-Württemberg
72189,Vöhringen/Württemberg,Kreis Rottweil,Baden-Württemberg
72172,Sulz am Neckar,Kreis Rottweil,Baden-Württemberg
72186,Sulz am Neckar,Kreis Rottweil,Baden-Württemberg
72160,Sulz am Neckar,Kreis Rottweil,Baden-Württemberg
71159,Mötzingen,Kreis Böblingen,Baden-Württemberg
71126,Gäufelden,Kreis Böblingen,Baden-Württemberg
71083,Herrenberg,Kreis Böblingen,Baden-Württemberg
78658,Zimmern ob Rottweil,Kreis Rottweil,Baden-Württemberg
78652,Zimmern ob Rottweil,Kreis Rottweil,Baden-Württemberg
72336,Balingen,Zollernalbkreis,Baden-Württemberg
72415,Grosselfingen,Zollernalbkreis,Baden-Württemberg
72516,Scheer,Kreis Sigmaringen,Baden-Württemberg
72511,Bingen b. Sigmaringen,Kreis Sigmaringen,Baden-Württemberg
72510,Stetten am kalten Markt,Kreis Sigmaringen,Baden-Württemberg
78355,Hohenfels b. Stockach,Kreis Konstanz,Baden-Württemberg
72108,Rottenburg am Neckar,Kreis Tübingen,Baden-Württemberg
78250,Tengen,Kreis Konstanz,Baden-Württemberg
78183,Hüfingen,Schwarzwald-Baar-Kreis,Baden-Württemberg
78176,Blumberg/Baden,Schwarzwald-Baar-Kreis,Baden-Württemberg
78194,Immendingen,Kreis Tuttlingen,Baden-Württemberg
78073,Bad Dürrheim,Schwarzwald-Baar-Kreis,Baden-Württemberg
78086,Brigachtal,Schwarzwald-Baar-Kreis,Baden-Württemberg
78098,Triberg im Schwarzwald,Schwarzwald-Baar-Kreis,Baden-Württemberg
78141,Schönwald/Schwarzwald,Schwarzwald-Baar-Kreis,Baden-Württemberg
78120,Furtwangen im Schwarzwald,Schwarzwald-Baar-Kreis,Baden-Württemberg
73087,Furtwangen im Schwarzwald,Schwarzwald-Baar-Kreis,Baden-Württemberg
78266,Büsingen am Hochrhein,Kreis Konstanz,Baden-Württemberg
78262,Gailingen am Hochrhein,Kreis Konstanz,Baden-Württemberg
77963,Schwanau,Ortenaukreis,Baden-Württemberg
77974,Meißenheim,Ortenaukreis,Baden-Württemberg
77743,Neuried/Ortenaukreis,Ortenaukreis,Baden-Württemberg
77746,Schutterwald,Ortenaukreis,Baden-Württemberg
77948,Friesenheim/Baden,Ortenaukreis,Baden-Württemberg
77749,Hohberg,Ortenaukreis,Baden-Württemberg
77791,Berghaupten,Ortenaukreis,Baden-Württemberg
77723,Gengenbach,Ortenaukreis,Baden-Württemberg
77736,Zell am Harmersbach,Ortenaukreis,Baden-Württemberg
77960,Seelbach/Schutter,Ortenaukreis,Baden-Württemberg
77781,Biberach/Baden,Ortenaukreis,Baden-Württemberg
77790,Steinach/Baden,Ortenaukreis,Baden-Württemberg
77978,Schuttertal,Ortenaukreis,Baden-Württemberg
77756,Hausach,Ortenaukreis,Baden-Württemberg
77796,Mühlenbach,Ortenaukreis,Baden-Württemberg
77793,Gutach/Schwarzwaldbahn,Ortenaukreis,Baden-Württemberg
78737,Fluorn-Winzeln,Kreis Rottweil,Baden-Württemberg
78730,Fluorn-Winzeln,Kreis Rottweil,Baden-Württemberg
78132,Hornberg,Ortenaukreis,Baden-Württemberg
78136,Schonach im Schwarzwald,Schwarzwald-Baar-Kreis,Baden-Württemberg
71155,Altdorf Kr. Böblingen,Kreis Böblingen,Baden-Württemberg
71088,Holzgerlingen,Kreis Böblingen,Baden-Württemberg
72135,Dettenhausen,Kreis Tübingen,Baden-Württemberg
71101,Schönaich,Kreis Böblingen,Baden-Württemberg
71093,Weil im Schönbuch,Kreis Böblingen,Baden-Württemberg
71144,Steinenbronn,Kreis Böblingen,Baden-Württemberg
71111,Waldenbuch,Kreis Böblingen,Baden-Württemberg
78662,Bösingen,Kreis Rottweil,Baden-Württemberg
78739,Hardt b. Schramberg,Kreis Rottweil,Baden-Württemberg
78669,Wellendingen,Kreis Rottweil,Baden-Württemberg
78586,Deilingen,Kreis Tuttlingen,Baden-Württemberg
72202,Nagold,Kreis Calw,Baden-Württemberg
72184,Eutingen im Gäu,Kreis Freudenstadt,Baden-Württemberg
72160,Eutingen im Gäu,Kreis Freudenstadt,Baden-Württemberg
72186,Empfingen,Kreis Freudenstadt,Baden-Württemberg
72160,Horb am Neckar,Kreis Freudenstadt,Baden-Württemberg
72414,Rangendingen,Zollernalbkreis,Baden-Württemberg
78727,Rangendingen,Zollernalbkreis,Baden-Württemberg
78664,Eschbronn,Kreis Rottweil,Baden-Württemberg
78126,Königsfeld im Schwarzwald,Schwarzwald-Baar-Kreis,Baden-Württemberg
78078,Niedereschach,Schwarzwald-Baar-Kreis,Baden-Württemberg
78083,Niedereschach,Schwarzwald-Baar-Kreis,Baden-Württemberg
78083,Dauchingen,Schwarzwald-Baar-Kreis,Baden-Württemberg
78652,Deißlingen,Kreis Rottweil,Baden-Württemberg
78628,Deißlingen,Kreis Rottweil,Baden-Württemberg
78667,Villingendorf,Kreis Rottweil,Baden-Württemberg
78661,Dietingen,Kreis Rottweil,Baden-Württemberg
72369,Zimmern unter der Burg,Zollernalbkreis,Baden-Württemberg
72356,Dautmergen,Zollernalbkreis,Baden-Württemberg
72355,Schömberg b. Balingen,Zollernalbkreis,Baden-Württemberg
72359,Dotternhausen,Zollernalbkreis,Baden-Württemberg
72358,Dormettingen,Zollernalbkreis,Baden-Württemberg
72587,Römerstein,Kreis Reutlingen,Baden-Württemberg
72582,Grabenstetten,Kreis Reutlingen,Baden-Württemberg
72367,Weilen unter den Rinnen,Zollernalbkreis,Baden-Württemberg
72181,Starzach,Kreis Tübingen,Baden-Württemberg
74243,Langenbrettach,Kreis Heilbronn,Baden-Württemberg
75243,Neulingen,Enzkreis,Baden-Württemberg
75391,Gechingen,Kreis Calw,Baden-Württemberg
75392,Deckenpfronn,Kreis Böblingen,Baden-Württemberg
76137,Karlsruhe,Stadtkreis Karlsruhe,Baden-Württemberg
76229,Karlsruhe,Stadtkreis Karlsruhe,Baden-Württemberg
76484,Baden-Baden,Stadtkreis Baden-Baden,Baden-Württemberg
76532,Baden-Baden,Stadtkreis Baden-Baden,Baden-Württemberg
88480,Achstetten,Kreis Biberach,Baden-Württemberg
88516,Herbertingen,Kreis Sigmaringen,Baden-Württemberg
