age at onset,sex,zipcode,state,month of onset,year of onset,a1c,glucose,bikarb,ph,duration of symptoms,lat,lon
9,Male,75395,Baden-Württemberg,2,2021,13.6,522,10.2,7.11,1,48.6347,8.6511
15,Male,75394,Baden-Württemberg,1,2017,13.4,191,12.8,7.07,3,48.6458,8.64
8,Male,75399,Baden-Württemberg,6,2022,12.7,301,2.4,7.13,2,48.6125,8.6733
5,Female,75399,Baden-Württemberg,6,2018,12.6,352,6.6,7.11,1,48.6125,8.6733
8,Female,75399,Baden-Württemberg,11,2018,10.8,453,7.7,6.91,1,48.6125,8.6733
40,Female,75392,Baden-Württemberg,12,2017,13.9,279,10.4,7.03,4,48.6569,8.6289
9,Male,75391,Baden-Württemberg,12,2022,14.4,406,11.8,7.16,2,48.668,8.6178
4,Female,75389,Baden-Württemberg,1,2019,10.5,438,11.5,7.32,1,48.6791,8.6067
9,Male,75387,Baden-Württemberg,9,2023,8.2,503,9.5,7.28,1,48.6902,8.5956
25,Male,75382,Baden-Württemberg,8,2018,15.3,455,12.2,7.35,6,48.7124,8.5734
16,Male,75339,Baden-Württemberg,3,2017,14.2,388,3.9,7.19,1,48.7457,8.6289
1,Male,75378,Baden-Württemberg,1,2015,9.7,371,4.2,6.74,1,48.7235,8.5623
18,Female,75337,Baden-Württemberg,2,2017,8.9,495,11.7,7.31,1,48.7568,8.6178
6,Female,75334,Baden-Württemberg,4,2015,12.3,216,14.9,7.34,3,48.779,8.5956
12,Female,75331,Baden-Württemberg,7,2019,11.2,391,5.3,7.35,1,48.7901,8.5845
25,Female,72202,Baden-Württemberg,2,2016,10.5,390,11.5,7.32,8,48.5023,8.8312
14,Female,72202,Baden-Württemberg,2,2016,8.0,231,17.1,7.13,1,48.5023,8.8312
6,Male,72213,Baden-Württemberg,4,2025,9.2,469,13.4,7.11,1,48.4912,8.8423
17,Male,72213,Baden-Württemberg,12,2022,11.4,325,12.4,7.12,2,48.4912,8.8423
46,Male,75180,Baden-Württemberg,3,2021,11.2,314,1.5,6.82,2,48.8596,8.6671
25,Male,72221,Baden-Württemberg,5,2021,7.0,503,11.0,6.71,1,48.469,8.8645
4,Male,88518,Baden-Württemberg,1,2019,13.0,338,17.4,7.17,1,48.5594,9.0019
21,Female,72160,Baden-Württemberg,7,2025,10.9,208,6.6,7.19,1,48.4923,8.9312
5,Male,88516,Baden-Württemberg,9,2018,10.8,247,7.4,7.09,1,48.5483,9.013
18,Female,75173,Baden-Württemberg,1,2018,8.6,208,9.3,7.3,2,48.8856,8.6923
16,Female,75173,Baden-Württemberg,1,2017,10.8,547,7.1,7.35,1,48.8856,8.6923
5,Female,75173,Baden-Württemberg,1,2015,10.8,150,12.5,6.92,14,48.8856,8.6923
44,Female,75173,Baden-Württemberg,12,2018,10.2,150,20.6,7.05,1,48.8856,8.6923
3,Female,72172,Baden-Württemberg,7,2023,9.0,239,20.5,6.99,2,48.4812,8.9423
3,Female,88515,Baden-Württemberg,4,2022,14.5,498,3.7,7.2,1,48.5372,9.0241
2,Female,72076,Baden-Würrtemberg,3,1950,12.0,200,20.0,7.0,3,48.5458,9.043
18,Female,72076,Baden-Württemberg,10,2016,12.0,253,10.6,6.94,1,48.5389,9.0456
12,Female,88512,Baden-Württemberg,1,2023,13.1,411,10.6,7.17,5,48.5261,9.0352
10,Female,88512,Baden-Württemberg,10,2017,11.7,263,9.7,7.28,1,48.5261,9.0352
15,Female,88512,Baden-Württemberg,3,2019,10.2,366,10.2,7.16,4,48.5261,9.0352
22,Male,72108,Baden-Württemberg,2,2021,10.6,595,18.4,7.31,1,48.5101,9.0234
4,Male,72116,Baden-Württemberg,4,2025,11.6,438,21.8,6.95,2,48.5023,9.0312
3,Female,76599,Baden-Württemberg,1,2023,13.1,289,3.9,7.18,7,48.7046,8.3067
11,Male,88501,Baden-Württemberg,8,2022,11.1,405,6.3,7.17,1,48.515,9.0463
7,Male,88501,Baden-Württemberg,4,2025,8.4,375,7.9,7.33,1,48.515,9.0463
4,Male,72070,Baden-Württemberg,11,2020,8.1,444,12.6,6.98,4,48.5216,9.0576
21,Male,72074,Baden-Württemberg,2,2021,14.7,500,4.0,7.18,1,48.5301,9.0712
7,Male,72074,Baden-Württemberg,4,2021,6.6,256,3.6,6.75,1,48.5301,9.0712
22,Male,72181,Baden-Württemberg,5,2016,10.2,366,12.7,7.09,1,48.4479,8.9756
45,Male,76484,Baden-Württemberg,10,2024,12.3,353,6.9,7.17,1,48.8312,8.3812
24,Male,76596,Baden-Württemberg,6,2018,15.0,285,10.2,7.13,2,48.7268,8.2845
8,Female,76476,Baden-Württemberg,7,2025,10.8,464,17.4,7.02,1,48.8423,8.3712
2,Male,76476,Baden-Württemberg,5,2020,8.3,519,6.7,7.12,4,48.8423,8.3712
36,Female,76476,Baden-Württemberg,12,2025,13.1,385,13.4,6.65,2,48.8423,8.3712
5,Female,75210,Baden-Württemberg,11,2020,15.5,383,18.0,6.95,1,48.9345,8.6012
20,Male,76473,Baden-Württemberg,7,2019,9.9,312,10.5,7.03,1,48.8512,8.3612
13,Male,76571,Baden-Württemberg,12,2024,14.8,326,1.5,6.65,1,48.749,8.2623
16,Female,72131,Baden-Württemberg,11,2018,12.5,454,5.5,7.35,1,48.4667,9.0756
1,Male,70565,Baden-Württemberg,12,2025,11.0,257,4.6,7.01,1,48.7201,9.1612
1,Female,72189,Baden-Württemberg,7,2016,13.6,422,16.3,7.21,2,48.4146,9.0089
8,Male,88487,Baden-Württemberg,4,2017,7.6,150,19.2,7.0,1,48.4706,9.0907
17,Female,88487,Baden-Württemberg,4,2024,10.4,156,8.4,7.24,1,48.4706,9.0907
2,Female,76549,Baden-Württemberg,9,2022,15.0,269,11.8,6.92,7,48.7601,8.2512
4,Male,76549,Baden-Württemberg,5,2021,10.7,336,13.6,7.31,4,48.7601,8.2512
13,Male,70199,Baden-Württemberg,7,2019,10.2,322,16.2,7.18,1,48.752,9.1612
3,Female,70569,Baden-Württemberg,10,2025,9.9,283,5.6,7.12,4,48.7023,9.1812
19,Male,76456,Baden-Württemberg,9,2024,12.6,268,7.0,7.13,3,48.8712,8.3412
1,Male,76547,Baden-Württemberg,1,2022,9.9,409,12.2,7.35,16,48.7701,8.2412
12,Male,76547,Baden-Württemberg,3,2021,9.0,463,11.1,7.16,1,48.7701,8.2412
22,Male,76532,Baden-Württemberg,6,2018,11.1,478,7.4,7.1,1,48.7534,8.2312
15,Female,76532,Baden-Württemberg,8,2022,11.2,389,15.9,7.34,1,48.7534,8.2312
5,Male,88486,Baden-Württemberg,7,2022,9.3,364,1.5,7.1,3,48.4595,9.1018
16,Male,88486,Baden-Württemberg,5,2022,16.7,480,5.0,7.3,4,48.4595,9.1018
19,Male,70178,Baden-Württemberg,1,2020,11.6,525,9.7,6.74,5,48.7606,9.1734
7,Female,70178,Baden-Württemberg,7,2019,12.3,309,5.2,6.98,1,48.7606,9.1734
23,Female,75228,Baden-Württemberg,1,2024,12.2,546,19.6,7.35,3,48.9678,8.5446
17,Female,75228,Baden-Württemberg,4,2023,10.9,343,6.2,6.97,2,48.9678,8.5446
21,Male,74249,Baden-Württemberg,2,2017,10.3,520,12.3,7.07,1,48.9276,8.9854
20,Female,76275,Baden-Württemberg,11,2017,11.6,405,11.0,7.14,2,48.9612,8.5123
7,Female,76275,Baden-Württemberg,7,2016,11.3,555,5.2,7.17,1,48.9612,8.5123
7,Female,72138,Baden-Württemberg,1,2023,13.5,581,9.3,7.17,1,48.4489,9.0978
16,Female,76448,Baden-Württemberg,6,2024,9.7,395,10.7,7.2,1,48.8823,8.3312
24,Female,76534,Baden-Württemberg,4,2020,8.9,285,5.2,7.07,2,48.7812,8.2312
37,Female,76534,Baden-Württemberg,11,2023,15.0,150,9.3,7.35,3,48.7812,8.2312
11,Female,70174,Baden-Württemberg,9,2022,15.7,284,12.9,7.15,8,48.7758,9.1829
3,Male,70173,Baden-Württemberg,1,2025,13.0,421,13.5,6.97,4,48.7758,9.1829
41,Female,70174,Baden-Württemberg,7,2017,16.0,243,10.9,6.92,1,48.7758,9.1829
47,Male,88484,Baden-Württemberg,3,2021,9.5,468,9.2,6.97,2,48.4484,9.1129
3,Female,74248,Baden-Württemberg,6,2020,10.9,312,10.7,6.86,1,48.9365,8.9943
16,Female,74248,Baden-Württemberg,11,2015,13.6,280,4.5,7.07,5,48.9365,8.9943
4,Male,74248,Baden-Württemberg,11,2015,9.3,361,11.0,6.86,1,48.9365,8.9943
20,Male,72141,Baden-Württemberg,10,2021,10.4,556,6.4,7.11,4,48.44,9.1089
23,Male,72141,Baden-Württemberg,6,2024,7.9,150,16.0,7.1,1,48.44,9.1089
1,Male,70597,Baden-Württemberg,4,2017,13.5,271,3.4,7.34,3,48.7234,9.2123
3,Male,75233,Baden-Württemberg,5,2021,16.2,167,11.4,7.34,1,48.9789,8.5224
9,Female,75233,Baden-Württemberg,7,2021,8.5,356,9.9,6.75,1,48.9789,8.5224
2,Male,75233,Baden-Württemberg,5,2016,13.1,522,17.6,7.2,8,48.9789,8.5224
1,Male,75233,Baden-Württemberg,12,2023,9.5,484,2.3,6.7,4,48.9789,8.5224
16,Male,70192,Baden-Württemberg,1,2016,7.8,383,20.0,7.14,3,48.8012,9.1801
5,Male,70182,Baden-Württemberg,5,2018,9.2,370,6.3,7.35,1,48.778,9.195
16,Male,70599,Baden-Württemberg,1,2020,15.5,398,1.5,7.16,1,48.7123,9.2234
12,Female,88483,Baden-Württemberg,4,2018,10.1,326,5.9,7.25,3,48.4373,9.124
24,Male,70184,Baden-Württemberg,1,2019,9.1,409,6.6,7.22,2,48.7841,9.2012
16,Male,72144,Baden-Württemberg,2,2016,9.7,236,10.2,7.26,5,48.4311,9.12
7,Male,72144,Baden-Württemberg,3,2018,11.8,536,13.8,7.14,2,48.4311,9.12
10,Female,72144,Baden-Württemberg,4,2020,6.9,337,2.9,7.35,8,48.4311,9.12
16,Female,72144,Baden-Württemberg,5,2017,10.1,388,14.5,7.18,1,48.4311,9.12
14,Female,75236,Baden-Württemberg,2,2025,7.8,392,3.8,7.34,1,48.99,8.5002
3,Female,74245,Baden-Württemberg,12,2018,12.1,331,6.5,7.17,3,48.9543,9.0121
11,Female,74245,Baden-Württemberg,1,2024,11.9,316,14.6,7.15,1,48.9543,9.0121
12,Male,74245,Baden-Württemberg,9,2023,13.5,319,5.3,7.17,2,48.9543,9.0121
17,Male,76229,Baden-Württemberg,11,2016,13.6,211,2.4,7.22,1,48.9823,8.4634
19,Female,76229,Baden-Württemberg,12,2024,9.9,353,12.3,7.23,1,48.9823,8.4634
8,Female,76229,Baden-Württemberg,6,2022,13.7,622,6.2,6.92,1,48.9823,8.4634
25,Female,88481,Baden-Württemberg,5,2019,12.0,319,8.4,7.02,5,48.4262,9.1351
7,Male,70437,Baden-Württemberg,7,2020,9.8,595,11.3,6.92,3,48.8634,9.1634
12,Female,74243,Baden-Württemberg,9,2023,10.6,171,9.6,6.66,2,48.9632,9.021
5,Male,70372,Baden-Württemberg,10,2022,10.4,353,3.2,7.32,6,48.8131,9.2201
15,Female,76227,Baden-Württemberg,8,2025,10.6,404,11.7,7.12,2,48.9934,8.4523
23,Male,76227,Baden-Württemberg,3,2025,7.3,410,1.5,7.29,1,48.9934,8.4523
22,Female,76227,Baden-Württemberg,8,2025,12.0,369,10.1,7.13,5,48.9934,8.4523
1,Female,88480,Baden-Württemberg,1,2017,11.5,412,6.0,7.3,1,48.4151,9.1462
46,Male,70439,Baden-Württemberg,6,2019,12.7,600,12.7,7.35,1,48.8712,9.1734
17,Male,70439,Baden-Württemberg,1,2025,14.2,313,5.1,7.05,1,48.8712,9.1734
1,Male,70439,Baden-Württemberg,5,2023,9.8,270,11.1,7.09,1,48.8712,9.1734
18,Female,76137,Baden-Württemberg,10,2025,11.5,150,1.5,7.17,2,48.9856,8.3923
12,Female,76199,Baden-Württemberg,10,2024,13.6,460,3.3,7.04,2,48.9734,8.3634
16,Female,76199,Baden-Württemberg,10,2017,9.6,364,14.0,6.92,1,48.9734,8.3634
13,Female,88477,Baden-Württemberg,9,2016,7.7,407,5.4,7.08,5,48.404,9.1573
12,Male,88477,Baden-Württemberg,3,2021,10.9,359,9.2,7.08,5,48.404,9.1573
8,Male,77889,Baden-Württemberg,11,2019,12.3,595,11.6,7.08,1,48.4733,8.1755
18,Female,77889,Baden-Württemberg,10,2017,10.7,549,10.1,7.0,5,48.4733,8.1755
8,Female,74238,Baden-Württemberg,6,2016,14.1,316,6.0,6.94,3,48.981,9.0388
17,Male,74238,Baden-Württemberg,11,2021,11.8,170,13.1,7.04,1,48.981,9.0388
12,Male,70376,Baden-Württemberg,7,2021,15.0,337,8.0,7.21,5,48.8312,9.2401
15,Male,76135,Baden-Württemberg,10,2018,14.8,298,19.9,7.1,2,48.9934,8.3812
3,Male,75243,Baden-Württemberg,3,2020,10.8,302,12.4,7.17,8,49.0233,8.4666
2,Male,76139,Baden-Württemberg,5,2020,12.2,483,14.8,6.89,1,49.0134,8.4234
3,Female,76139,Baden-Württemberg,10,2020,12.9,247,7.9,6.91,3,49.0134,8.4234
9,Male,76139,Baden-Württemberg,11,2015,14.5,365,13.0,7.19,1,49.0134,8.4234
8,Male,76139,Baden-Württemberg,2,2017,9.6,150,14.8,6.7,1,49.0134,8.4234
10,Female,76131,Baden-Württemberg,2,2020,12.0,175,17.2,7.24,1,49.0069,8.4037
5,Female,76131,Baden-Württemberg,2,2022,14.8,396,17.5,6.95,6,49.0069,8.4037
9,Female,88459,Baden-Württemberg,5,2020,10.2,377,1.7,7.21,1,48.3929,9.1684
25,Male,77880,Baden-Württemberg,1,2016,17.0,296,2.6,7.35,1,48.5089,8.1311
12,Female,77880,Baden-Württemberg,3,2021,9.8,257,7.0,7.2,4,48.5089,8.1311
4,Male,70378,Baden-Württemberg,6,2021,10.2,414,15.8,6.99,1,48.8421,9.2512
1,Female,77871,Baden-Württemberg,12,2022,13.1,246,1.5,6.82,1,48.5267,8.1089
22,Female,77871,Baden-Württemberg,5,2015,10.8,259,13.7,7.35,3,48.5267,8.1089
21,Male,77871,Baden-Württemberg,2,2015,11.8,530,7.5,6.75,3,48.5267,8.1089
38,Male,88457,Baden-Württemberg,2,2024,7.7,533,12.9,6.93,7,48.3818,9.1795
7,Male,88457,Baden-Württemberg,6,2023,15.1,299,7.8,7.08,3,48.3818,9.1795
25,Male,76297,Baden-Württemberg,10,2015,8.7,249,10.2,7.27,1,49.0534,8.5012
25,Male,77839,Baden-Württemberg,6,2021,7.9,534,13.8,7.18,1,48.5534,8.0756
1,Female,77839,Baden-Württemberg,7,2018,12.6,412,16.9,6.69,4,48.5534,8.0756
5,Female,74229,Baden-Württemberg,10,2016,11.3,472,15.5,7.22,1,49.0077,9.0655
9,Female,88456,Baden-Württemberg,1,2022,13.0,497,6.9,6.83,4,48.3707,9.1906
7,Female,77836,Baden-Württemberg,2,2017,12.8,494,10.9,7.03,2,48.5623,8.0645
16,Female,77836,Baden-Württemberg,6,2021,9.2,401,17.6,7.31,1,48.5623,8.0645
3,Male,76149,Baden-Württemberg,1,2025,9.9,378,12.7,7.1,2,49.0312,8.3812
41,Male,76149,Baden-Württemberg,4,2017,12.6,331,5.6,7.0,1,49.0312,8.3812
36,Male,76185,Baden-Württemberg,9,2023,10.2,477,11.0,7.01,4,49.0201,8.3523
3,Female,76185,Baden-Württemberg,4,2020,12.1,222,8.4,7.26,1,49.0201,8.3523
16,Female,76337,Baden-Württemberg,6,2020,7.8,349,10.9,7.02,1,49.0812,8.5623
5,Female,76337,Baden-Württemberg,11,2020,7.4,343,7.1,6.95,5,49.0812,8.5623
11,Male,76337,Baden-Württemberg,7,2023,16.1,308,7.7,6.92,1,49.0812,8.5623
7,Female,75249,Baden-Württemberg,4,2019,11.2,481,13.2,7.22,1,49.0566,8.433
3,Male,88454,Baden-Württemberg,10,2017,17.0,483,3.9,7.2,1,48.3596,9.2017
20,Female,76187,Baden-Württemberg,9,2020,11.5,245,10.9,7.11,2,49.0312,8.3412
21,Female,76187,Baden-Württemberg,11,2015,11.1,172,9.4,6.99,1,49.0312,8.3412
21,Male,76356,Baden-Württemberg,5,2020,8.2,385,10.4,7.13,8,49.0923,8.5712
9,Male,76356,Baden-Württemberg,2,2020,14.6,439,8.0,7.24,1,49.0923,8.5712
7,Male,77815,Baden-Württemberg,11,2019,10.9,363,8.7,7.02,1,48.589,8.0312
13,Male,77815,Baden-Württemberg,10,2017,12.4,384,10.0,7.07,2,48.589,8.0312
7,Female,77815,Baden-Württemberg,11,2019,11.3,511,12.1,7.35,6,48.589,8.0312
7,Female,74223,Baden-Württemberg,3,2023,13.1,462,2.2,7.09,1,49.0255,9.0833
