age at onset,sex,zipcode,state,month of onset,year of onset,a1c,glucose,bikarb,ph,duration of symptoms,lat,lon
5,Female,88453,Baden-Württemberg,2,2024,11.3,356,5.3,6.97,7,48.3485,9.2128
20,Female,79108,Baden-Württemberg,4,2024,10.9,311,14.5,7.19,1,48.0201,7.8734
12,Male,70376,Baden-Württemberg,7,2021,15.0,337,8.0,7.21,5,48.8312,9.2401
33,Female,78603,Baden-Württemberg,8,2024,12.3,557,10.6,6.95,5,47.5369,9.2232
2,Female,69198,Baden-Württemberg,3,2020,13.8,266,9.9,7.02,1,49.3412,8.7267
7,Female,68775,Baden-Württemberg,9,2020,12.0,283,9.4,6.99,2,49.4001,8.5645
16,Male,68526,Baden-Württemberg,2,2022,11.0,278,9.4,7.08,1,49.5567,8.4423
9,Female,79224,Baden-Württemberg,8,2022,11.9,386,16.8,7.1,1,48.0089,7.8701
16,Female,78600,Baden-Württemberg,8,2020,10.3,187,13.7,7.22,1,47.5524,9.201
15,Male,79098,Baden-Württemberg,4,2017,8.0,207,7.7,7.01,2,47.999,7.8421
4,Male,88518,Baden-Württemberg,1,2019,13.0,338,17.4,7.17,1,48.5594,9.0019
19,Female,78603,Baden-Württemberg,1,2016,7.9,215,10.9,7.19,2,47.5369,9.2232
25,Male,77743,Baden-Württemberg,2,2019,10.6,225,11.3,7.14,2,48.3933,7.8622
32,Female,88299,Baden-Württemberg,12,2023,10.2,216,5.3,7.05,1,47.6536,9.801
19,Male,76456,Baden-Württemberg,9,2024,12.6,268,7.0,7.13,3,48.8712,8.3412
20,Female,88389,Baden-Württemberg,2,2015,14.6,457,6.1,7.24,4,48.071,9.4903
18,Female,74189,Baden-Württemberg,2,2024,13.9,484,9.9,7.25,1,49.0967,9.1545
46,Male,70439,Baden-Württemberg,6,2019,12.7,600,12.7,7.35,1,48.8712,9.1734
7,Male,70437,Baden-Württemberg,7,2020,9.8,595,11.3,6.92,3,48.8634,9.1634
8,Female,76476,Baden-Württemberg,7,2025,10.8,464,17.4,7.02,1,48.8423,8.3712
20,Female,68307,Baden-Württemberg,9,2021,10.5,493,5.1,6.81,3,49.5234,8.5012
15,Female,68642,Baden-Württemberg,6,2023,10.2,385,10.1,7.27,1,49.5234,8.5645
19,Male,88178,Baden-Württemberg,8,2020,10.3,432,3.1,7.04,1,47.6433,9.4806
19,Male,88396,Baden-Württemberg,11,2019,10.3,603,4.9,7.14,1,48.1376,9.4237
4,Male,70378,Baden-Württemberg,6,2021,10.2,414,15.8,6.99,1,48.8421,9.2512
7,Female,88353,Baden-Württemberg,2,2015,13.3,508,7.2,7.04,2,47.9045,9.6568
9,Male,68163,Baden-Württemberg,1,2025,8.9,257,5.5,7.32,1,49.4756,8.4812
12,Male,78583,Baden-Württemberg,5,2019,9.6,290,1.5,7.22,4,47.6379,9.0789
13,Female,88477,Baden-Württemberg,9,2016,7.7,407,5.4,7.08,5,48.404,9.1573
24,Female,78564,Baden-Württemberg,8,2018,14.3,387,8.5,7.24,2,47.6923,8.8789
42,Male,88299,Baden-Württemberg,4,2021,9.4,295,2.7,7.24,4,47.6536,9.801
4,Male,74177,Baden-Württemberg,5,2019,12.7,658,8.2,7.03,1,49.1145,9.1723
1,Female,68309,Baden-Württemberg,5,2020,12.2,390,15.9,6.84,1,49.5345,8.5123
8,Female,74238,Baden-Württemberg,6,2016,14.1,316,6.0,6.94,3,48.981,9.0388
8,Male,88386,Baden-Württemberg,3,2017,10.7,388,4.8,6.86,1,48.0599,9.5014
24,Female,69214,Baden-Württemberg,5,2021,9.1,373,3.9,7.31,2,49.3212,8.7489
14,Female,75236,Baden-Württemberg,2,2025,7.8,392,3.8,7.34,1,48.99,8.5002
1,Male,77696,Baden-Württemberg,10,2016,6.5,178,12.2,7.35,2,48.509,7.9779
19,Male,70178,Baden-Württemberg,1,2020,11.6,525,9.7,6.74,5,48.7606,9.1734
24,Female,78658,Baden-Württemberg,11,2019,12.9,531,14.3,7.29,6,47.7578,8.7956
23,Female,75228,Baden-Württemberg,1,2024,12.2,546,19.6,7.35,3,48.9678,8.5446
8,Male,79261,Baden-Württemberg,10,2015,7.8,409,1.5,7.3,4,48.11,7.7701
16,Female,78554,Baden-Württemberg,7,2025,13.5,449,11.4,6.71,2,47.7078,8.8567
32,Female,74189,Baden-Württemberg,2,2024,9.7,266,3.9,7.35,2,49.0967,9.1545
6,Male,72213,Baden-Württemberg,4,2025,9.2,469,13.4,7.11,1,48.4912,8.8423
11,Female,69214,Baden-Württemberg,5,2018,9.6,400,8.1,7.06,1,49.3212,8.7489
16,Female,79256,Baden-Württemberg,7,2025,11.4,314,9.6,7.18,1,48.0878,7.7901
19,Male,68305,Baden-Württemberg,2,2016,7.9,473,3.1,6.91,9,49.5123,8.4901
22,Male,76532,Baden-Württemberg,6,2018,11.1,478,7.4,7.1,1,48.7534,8.2312
15,Male,78662,Baden-Württemberg,1,2015,12.1,377,9.9,7.35,2,47.7423,8.8178
1,Female,72189,Baden-Württemberg,7,2016,13.6,422,16.3,7.21,2,48.4146,9.0089
10,Female,79098,Baden-Württemberg,9,2022,11.6,246,5.5,7.11,3,47.999,7.8421
2,Male,76476,Baden-Württemberg,5,2020,8.3,519,6.7,7.12,4,48.8423,8.3712
3,Female,89171,Baden-Württemberg,5,2016,11.5,262,14.2,6.89,1,48.3257,9.8602
24,Female,76534,Baden-Württemberg,4,2020,8.9,285,5.2,7.07,2,48.7812,8.2312
9,Female,89077,Baden-Württemberg,3,2024,8.7,377,15.2,6.81,5,48.3878,9.9712
9,Male,75387,Baden-Württemberg,9,2023,8.2,503,9.5,7.28,1,48.6902,8.5956
25,Male,72221,Baden-Württemberg,5,2021,7.0,503,11.0,6.71,1,48.469,8.8645
14,Male,88397,Baden-Württemberg,8,2023,10.0,369,11.3,7.25,3,48.1487,9.4126
39,Female,69126,Baden-Württemberg,9,2019,13.7,462,6.4,7.28,5,49.3912,8.6712
3,Male,75233,Baden-Württemberg,5,2021,16.2,167,11.4,7.34,1,48.9789,8.5224
3,Female,70569,Baden-Württemberg,10,2025,9.9,283,5.6,7.12,4,48.7023,9.1812
16,Male,78594,Baden-Württemberg,9,2021,13.6,286,7.0,7.26,5,47.5835,9.1566
21,Male,74249,Baden-Württemberg,2,2017,10.3,520,12.3,7.07,1,48.9276,8.9854
3,Female,88284,Baden-Württemberg,9,2021,7.6,448,11.0,6.89,12,47.7091,9.7455
2,Female,79117,Baden-Württemberg,11,2015,12.7,392,9.1,7.35,4,47.9923,7.8934
4,Male,77796,Baden-Württemberg,4,2023,11.7,403,3.2,7.08,4,48.2509,7.7198
10,Male,89168,Baden-Württemberg,6,2024,15.2,558,4.5,6.85,4,48.3312,9.8713
16,Female,76337,Baden-Württemberg,6,2020,7.8,349,10.9,7.02,1,49.0812,8.5623
12,Male,88319,Baden-Württemberg,6,2019,17.0,212,13.2,7.02,1,47.8334,9.7345
21,Male,72074,Baden-Württemberg,2,2021,14.7,500,4.0,7.18,1,48.5301,9.0712
12,Female,75331,Baden-Württemberg,7,2019,11.2,391,5.3,7.35,1,48.7901,8.5845
3,Male,88441,Baden-Württemberg,6,2024,10.5,484,10.2,7.19,1,48.2819,9.2794
5,Male,88427,Baden-Württemberg,11,2019,9.6,364,10.1,7.14,6,48.2264,9.3349
11,Male,77731,Baden-Württemberg,1,2025,11.4,269,1.5,7.35,5,48.42,7.8889
5,Male,77652,Baden-Württemberg,2,2024,10.8,418,10.3,7.28,2,48.4734,7.9423
8,Male,89081,Baden-Württemberg,7,2025,12.3,371,6.5,7.15,5,48.4078,10.0045
2,Male,88376,Baden-Württemberg,1,2021,10.6,392,17.7,7.01,4,47.9933,9.568
15,Male,79299,Baden-Württemberg,1,2024,14.3,563,10.7,7.16,1,48.1988,8.1088
11,Male,78567,Baden-Württemberg,1,2021,11.5,238,11.6,7.09,1,47.6845,9.0123
15,Female,76227,Baden-Württemberg,8,2025,10.6,404,11.7,7.12,2,48.9934,8.4523
1,Male,70597,Baden-Württemberg,4,2017,13.5,271,3.4,7.34,3,48.7234,9.2123
8,Male,88487,Baden-Württemberg,4,2017,7.6,150,19.2,7.0,1,48.4706,9.0907
14,Female,68542,Baden-Württemberg,2,2024,12.0,364,1.5,7.19,3,49.5789,8.4201
15,Female,78730,Baden-Württemberg,11,2017,11.3,373,13.5,7.27,1,47.8045,8.7023
4,Male,72070,Baden-Württemberg,11,2020,8.1,444,12.6,6.98,4,48.5216,9.0576
5,Female,76337,Baden-Württemberg,11,2020,7.4,343,7.1,6.95,5,49.0812,8.5623
15,Male,75394,Baden-Württemberg,1,2017,13.4,191,12.8,7.07,3,48.6458,8.64
12,Male,68642,Baden-Württemberg,12,2017,13.3,271,7.9,7.02,10,49.5234,8.5645
15,Female,77656,Baden-Württemberg,10,2022,11.6,528,6.1,7.31,5,48.4912,7.9601
2,Female,76549,Baden-Württemberg,9,2022,15.0,269,11.8,6.92,7,48.7601,8.2512
22,Male,89171,Baden-Württemberg,7,2021,12.2,559,4.5,7.11,8,48.3257,9.8602
29,Male,69214,Baden-Württemberg,4,2024,13.9,495,8.4,7.35,4,49.3212,8.7489
3,Female,74245,Baden-Württemberg,12,2018,12.1,331,6.5,7.17,3,48.9543,9.0121
20,Male,88450,Baden-Württemberg,6,2018,10.6,282,7.8,7.2,1,48.3263,9.235
18,Female,75337,Baden-Württemberg,2,2017,8.9,495,11.7,7.31,1,48.7568,8.6178
8,Male,89129,Baden-Württemberg,7,2019,9.9,341,6.5,7.02,2,48.3701,9.949
5,Female,79268,Baden-Württemberg,2,2017,10.6,184,8.5,6.91,1,48.0323,7.9423
14,Female,89150,Baden-Württemberg,10,2022,14.2,437,7.0,7.13,1,48.3534,9.9157
4,Female,89073,Baden-Württemberg,8,2021,12.9,420,16.7,7.15,9,48.4011,9.9934
21,Female,68229,Baden-Württemberg,8,2017,11.9,506,11.2,6.81,6,49.4423,8.4312
12,Female,88512,Baden-Württemberg,1,2023,13.1,411,10.6,7.17,5,48.5261,9.0352
8,Male,69151,Baden-Württemberg,8,2019,12.4,304,12.9,7.29,1,49.3812,8.6823
18,Male,78564,Baden-Württemberg,2,2023,11.8,522,6.5,6.94,1,47.6923,8.8789
25,Male,77839,Baden-Württemberg,6,2021,7.9,534,13.8,7.18,1,48.5534,8.0756
15,Female,78464,Baden-Württemberg,1,2021,13.7,397,11.2,7.26,1,47.6856,9.1645
9,Female,88459,Baden-Württemberg,5,2020,10.2,377,1.7,7.21,1,48.3929,9.1684
17,Male,76229,Baden-Württemberg,11,2016,13.6,211,2.4,7.22,1,48.9823,8.4634
4,Male,88400,Baden-Württemberg,7,2023,13.8,297,6.6,7.06,7,48.1709,9.3904
2,Male,88450,Baden-Württemberg,10,2020,9.7,461,2.9,6.9,3,48.3263,9.235
18,Female,79280,Baden-Württemberg,1,2022,13.3,303,8.3,7.02,1,48.0767,7.9867
10,Male,88281,Baden-Württemberg,2,2015,10.4,195,4.4,6.99,1,47.7202,9.7344
37,Female,78594,Baden-Württemberg,7,2019,10.4,789,9.0,7.09,2,47.5835,9.1566
5,Female,68775,Baden-Württemberg,6,2015,11.8,194,16.6,7.3,1,49.4001,8.5645
6,Male,79268,Baden-Württemberg,3,2024,11.8,640,9.3,6.86,8,48.0323,7.9423
17,Male,88045,Baden-Württemberg,10,2025,11.3,333,8.0,7.13,1,47.7819,9.6104
5,Male,89171,Baden-Württemberg,2,2022,8.3,359,11.4,6.91,1,48.3257,9.8602
5,Male,69181,Baden-Württemberg,10,2022,10.9,289,6.0,6.97,1,49.3612,8.7045
2,Male,77797,Baden-Württemberg,4,2015,16.2,463,13.7,7.2,1,48.242,7.7109
15,Male,88453,Baden-Württemberg,3,2023,6.5,197,12.0,6.89,3,48.3485,9.2128
1,Female,78476,Baden-Württemberg,7,2016,13.1,150,9.7,7.23,3,47.7567,9.0823
30,Male,88348,Baden-Württemberg,8,2023,13.5,563,10.3,6.86,3,47.8823,9.679
48,Male,68309,Baden-Württemberg,2,2015,8.2,273,19.7,7.22,1,49.5345,8.5123
19,Female,78465,Baden-Württemberg,10,2024,10.2,459,14.2,6.82,2,47.6934,9.1558
3,Female,72172,Baden-Württemberg,7,2023,9.0,239,20.5,6.99,2,48.4812,8.9423
25,Male,75382,Baden-Württemberg,8,2018,15.3,455,12.2,7.35,6,48.7124,8.5734
1,Female,78669,Baden-Württemberg,6,2023,13.6,572,2.1,7.35,1,47.7189,8.8511
44,Male,78736,Baden-Württemberg,6,2021,13.7,306,8.2,7.03,1,47.7889,8.7245
18,Female,76137,Baden-Württemberg,10,2025,11.5,150,1.5,7.17,2,48.9856,8.3923
28,Female,68549,Baden-Württemberg,1,2020,14.1,572,12.1,7.32,3,49.59,8.4101
7,Female,75249,Baden-Württemberg,4,2019,11.2,481,13.2,7.22,1,49.0566,8.433
17,Male,70439,Baden-Württemberg,1,2025,14.2,313,5.1,7.05,1,48.8712,9.1734
17,Female,75228,Baden-Württemberg,4,2023,10.9,343,6.2,6.97,2,48.9678,8.5446
16,Male,72144,Baden-Württemberg,2,2016,9.7,236,10.2,7.26,5,48.4311,9.12
1,Male,89188,Baden-Württemberg,11,2025,15.2,540,3.5,7.3,1,48.2645,9.7381
1,Male,69168,Baden-Württemberg,5,2016,11.2,305,3.1,7.35,8,49.3712,8.6934
19,Male,76189,Baden-Württemberg,10,2025,9.2,199,15.7,6.8,2,49.0423,8.3523
25,Male,68239,Baden-Württemberg,9,2023,9.2,395,10.1,6.87,8,49.4756,8.5123
2,Female,77787,Baden-Württemberg,11,2017,9.2,266,6.7,7.31,5,48.2954,7.7643
1,Female,77871,Baden-Württemberg,12,2022,13.1,246,1.5,6.82,1,48.5267,8.1089
22,Male,88364,Baden-Württemberg,10,2025,11.0,318,13.8,7.32,5,47.9378,9.6235
7,Male,77704,Baden-Württemberg,3,2023,16.3,380,6.1,7.06,1,48.4645,7.9334
18,Male,78585,Baden-Württemberg,8,2022,13.8,204,18.8,7.01,7,47.6301,9.09
7,Male,72144,Baden-Württemberg,3,2018,11.8,536,13.8,7.14,2,48.4311,9.12
4,Male,68239,Baden-Württemberg,6,2015,14.3,451,5.5,6.86,1,49.4756,8.5123
12,Female,88483,Baden-Württemberg,4,2018,10.1,326,5.9,7.25,3,48.4373,9.124
10,Male,88171,Baden-Württemberg,8,2023,7.1,261,18.1,7.35,10,47.6622,9.4983
9,Male,89183,Baden-Württemberg,11,2016,9.0,359,9.1,7.26,1,48.2812,9.7714
6,Male,77728,Baden-Württemberg,6,2017,11.5,477,6.9,7.06,2,48.4289,7.8978
17,Female,77790,Baden-Württemberg,8,2024,10.7,459,9.6,6.82,4,48.2865,7.7554
9,Female,88456,Baden-Württemberg,1,2022,13.0,497,6.9,6.83,4,48.3707,9.1906
3,Female,74248,Baden-Württemberg,6,2020,10.9,312,10.7,6.86,1,48.9365,8.9943
1,Female,79232,Baden-Württemberg,1,2022,12.8,150,9.1,7.1,1,48.0212,7.8501
8,Male,69126,Baden-Württemberg,1,2021,14.5,519,13.9,7.12,1,49.3912,8.6712
17,Male,79224,Baden-Württemberg,8,2019,10.9,349,7.6,7.26,2,48.0089,7.8701
32,Female,68782,Baden-Württemberg,7,2023,12.4,449,5.1,6.78,1,49.3901,8.5756
13,Male,78606,Baden-Württemberg,3,2018,7.3,570,7.8,7.34,8,47.5214,9.2454
9,Female,88353,Baden-Württemberg,6,2020,10.9,662,7.7,7.22,1,47.9045,9.6568
13,Male,88285,Baden-Württemberg,9,2016,8.5,292,9.1,7.04,3,47.698,9.7566
5,Male,69124,Baden-Württemberg,7,2016,11.5,386,12.7,6.89,1,49.4001,8.6601
8,Female,78607,Baden-Württemberg,12,2016,11.7,534,12.4,7.32,1,47.5136,9.2565
1,Female,88383,Baden-Württemberg,3,2024,11.7,268,15.5,7.05,1,48.0377,9.5236
35,Female,74199,Baden-Württemberg,6,2021,10.1,300,5.4,7.1,1,49.07,9.1278
15,Male,77756,Baden-Württemberg,11,2016,16.3,299,11.4,7.17,3,48.3666,7.8355
17,Female,88382,Baden-Württemberg,4,2016,8.4,366,13.1,6.94,7,48.0266,9.5347
15,Male,89186,Baden-Württemberg,3,2023,8.3,343,6.1,7.05,3,48.2701,9.7492
17,Male,89081,Baden-Württemberg,9,2021,14.8,298,8.5,7.26,9,48.4078,10.0045
1,Male,68309,Baden-Württemberg,10,2025,9.7,254,1.5,7.24,6,49.5345,8.5123
13,Male,79219,Baden-Württemberg,2,2017,9.1,467,14.0,7.24,2,47.9978,7.8801
13,Male,88212,Baden-Württemberg,1,2017,16.3,530,8.4,6.89,5,47.8012,9.5734
25,Male,88149,Baden-Württemberg,2,2021,13.4,547,13.5,7.06,3,47.6811,9.516
20,Male,76473,Baden-Württemberg,7,2019,9.9,312,10.5,7.03,1,48.8512,8.3612
14,Male,78652,Baden-Württemberg,10,2024,11.7,472,8.6,7.18,4,47.7734,8.7734
16,Male,70599,Baden-Württemberg,1,2020,15.5,398,1.5,7.16,1,48.7123,9.2234
8,Male,75399,Baden-Württemberg,6,2022,12.7,301,2.4,7.13,2,48.6125,8.6733
1,Male,79106,Baden-Württemberg,7,2023,14.0,458,1.5,7.35,3,48.0101,7.8623
12,Female,79252,Baden-Württemberg,9,2015,13.0,296,6.7,7.05,1,48.0767,7.8001
11,Male,88441,Baden-Württemberg,8,2017,13.2,324,20.9,7.03,1,48.2819,9.2794
14,Male,79261,Baden-Württemberg,6,2025,11.3,204,3.1,6.89,7,48.11,7.7701
46,Male,75180,Baden-Württemberg,3,2021,11.2,314,1.5,6.82,2,48.8596,8.6671
14,Female,78462,Baden-Württemberg,8,2020,11.8,400,14.3,6.88,1,47.6779,9.1732
13,Female,74189,Baden-Württemberg,7,2021,12.8,558,21.3,6.97,3,49.0967,9.1545
4,Female,88392,Baden-Württemberg,3,2022,10.6,327,11.0,7.34,2,48.1043,9.457
20,Female,76187,Baden-Württemberg,9,2020,11.5,245,10.9,7.11,2,49.0312,8.3412
22,Male,89176,Baden-Württemberg,12,2017,10.5,549,8.0,7.13,11,48.309,9.8269
9,Female,89173,Baden-Württemberg,2,2016,11.5,309,1.5,7.08,3,48.3201,9.8491
6,Female,88392,Baden-Württemberg,3,2021,8.4,160,2.2,7.17,1,48.1043,9.457
1,Male,88069,Baden-Württemberg,2,2025,16.9,385,7.9,7.35,4,47.763,9.5927
38,Male,88273,Baden-Württemberg,1,2015,9.6,331,7.0,6.74,6,47.7535,9.7011
6,Male,69115,Baden-Württemberg,4,2017,10.4,646,8.9,7.32,1,49.4093,8.6943
34,Female,88326,Baden-Württemberg,5,2025,9.4,427,13.6,6.65,1,47.8601,9.7012
5,Female,75399,Baden-Württemberg,6,2018,12.6,352,6.6,7.11,1,48.6125,8.6733
22,Female,77871,Baden-Württemberg,5,2015,10.8,259,13.7,7.35,3,48.5267,8.1089
24,Male,70184,Baden-Württemberg,1,2019,9.1,409,6.6,7.22,2,48.7841,9.2012
1,Male,78462,Baden-Württemberg,3,2024,12.6,544,14.7,7.17,2,47.6779,9.1732
12,Male,78588,Baden-Württemberg,1,2017,12.9,407,9.9,7.35,8,47.6146,9.1122
11,Male,79110,Baden-Württemberg,11,2016,11.1,268,7.3,6.97,4,47.9734,7.8101
48,Female,78464,Baden-Württemberg,5,2017,9.7,434,9.8,7.18,1,47.6856,9.1645
4,Female,77731,Baden-Württemberg,5,2022,16.0,364,8.0,7.2,1,48.42,7.8889
18,Male,88284,Baden-Württemberg,12,2020,11.9,423,10.1,7.01,1,47.7091,9.7455
43,Female,78628,Baden-Württemberg,11,2021,8.4,327,13.3,7.02,1,47.789,8.7512
1,Male,69151,Baden-Württemberg,6,2020,14.3,324,9.1,7.0,3,49.3812,8.6823
3,Female,78669,Baden-Württemberg,8,2020,9.3,319,7.7,7.12,6,47.7189,8.8511
3,Male,88454,Baden-Württemberg,10,2017,17.0,483,3.9,7.2,1,48.3596,9.2017
17,Male,72213,Baden-Württemberg,12,2022,11.4,325,12.4,7.12,2,48.4912,8.8423
1,Male,79108,Baden-Württemberg,1,2021,13.4,314,11.2,7.23,4,48.0201,7.8734
7,Male,72074,Baden-Württemberg,4,2021,6.6,256,3.6,6.75,1,48.5301,9.0712
13,Male,74214,Baden-Württemberg,10,2020,8.4,424,13.7,7.06,1,49.0433,9.1011
11,Female,79258,Baden-Württemberg,11,2019,14.1,407,3.5,6.92,1,48.0989,7.7801
11,Female,74245,Baden-Württemberg,1,2024,11.9,316,14.6,7.15,1,48.9543,9.0121
11,Female,70174,Baden-Württemberg,9,2022,15.7,284,12.9,7.15,8,48.7758,9.1829
8,Male,77889,Baden-Württemberg,11,2019,12.3,595,11.6,7.08,1,48.4733,8.1755
3,Female,78588,Baden-Württemberg,7,2023,11.5,150,7.6,7.19,1,47.6146,9.1122
14,Male,77704,Baden-Württemberg,7,2023,15.0,429,12.4,7.28,2,48.4645,7.9334
12,Male,78586,Baden-Württemberg,12,2015,13.4,524,14.9,7.09,12,47.6223,9.1011
17,Female,69124,Baden-Württemberg,5,2020,10.8,150,12.5,6.91,1,49.4001,8.6601
9,Female,88175,Baden-Württemberg,7,2021,8.8,465,6.1,6.82,1,47.6559,9.4924
3,Male,78662,Baden-Württemberg,12,2017,6.5,343,10.8,7.11,1,47.7423,8.8178
18,Male,79289,Baden-Württemberg,2,2021,10.2,400,15.2,7.14,1,48.1211,8.0311
2,Female,88179,Baden-Württemberg,4,2025,8.6,331,20.5,6.93,1,47.637,9.4747
25,Male,77787,Baden-Württemberg,7,2025,16.9,499,8.5,7.23,2,48.2954,7.7643
19,Male,79102,Baden-Württemberg,3,2021,9.8,413,13.8,7.02,1,47.9823,7.8201
22,Female,77696,Baden-Württemberg,2,2025,9.7,385,15.2,6.8,1,48.509,7.9779
3,Male,88437,Baden-Württemberg,10,2016,7.9,262,5.4,7.33,5,48.2708,9.2905
22,Male,72108,Baden-Württemberg,2,2021,10.6,595,18.4,7.31,1,48.5101,9.0234
1,Male,75378,Baden-Württemberg,1,2015,9.7,371,4.2,6.74,1,48.7235,8.5623
17,Female,88453,Baden-Württemberg,5,2019,15.0,644,13.5,7.0,1,48.3485,9.2128
13,Female,88179,Baden-Württemberg,12,2023,11.6,601,11.0,6.99,11,47.637,9.4747
1,Female,88400,Baden-Württemberg,6,2021,11.2,156,9.8,7.35,1,48.1709,9.3904
4,Female,68163,Baden-Württemberg,6,2021,10.9,291,22.0,7.08,6,49.4756,8.4812
13,Female,79252,Baden-Württemberg,9,2025,12.9,245,8.0,6.83,4,48.0767,7.8001
10,Male,89160,Baden-Württemberg,4,2016,10.2,364,7.9,7.26,1,48.3423,9.8935
17,Male,78662,Baden-Württemberg,1,2022,12.7,392,16.2,6.88,12,47.7423,8.8178
8,Female,79263,Baden-Württemberg,6,2017,14.8,397,13.3,7.05,1,48.0212,7.9312
12,Female,88289,Baden-Württemberg,5,2022,12.2,496,15.9,6.96,1,47.6869,9.7677
18,Female,77889,Baden-Württemberg,10,2017,10.7,549,10.1,7.0,5,48.4733,8.1755
29,Female,78737,Baden-Württemberg,6,2024,9.1,486,11.1,7.27,3,47.7812,8.7356
12,Male,77796,Baden-Württemberg,3,2021,10.6,302,19.0,7.35,2,48.2509,7.7198
22,Male,88276,Baden-Württemberg,2,2016,12.4,276,5.3,6.87,1,47.7424,9.7122
13,Male,77793,Baden-Württemberg,6,2018,7.8,370,9.0,7.21,1,48.2687,7.7376
3,Male,70173,Baden-Württemberg,1,2025,13.0,421,13.5,6.97,4,48.7758,9.1829
14,Male,88393,Baden-Württemberg,7,2020,11.7,348,8.5,6.97,1,48.1154,9.4459
21,Female,72160,Baden-Württemberg,7,2025,10.9,208,6.6,7.19,1,48.4923,8.9312
14,Female,88145,Baden-Württemberg,10,2023,9.7,451,12.6,6.91,1,47.6937,9.5278
13,Male,70199,Baden-Württemberg,7,2019,10.2,322,16.2,7.18,1,48.752,9.1612
18,Male,79108,Baden-Württemberg,12,2023,12.5,319,8.8,7.23,6,48.0201,7.8734
7,Male,77815,Baden-Württemberg,11,2019,10.9,363,8.7,7.02,1,48.589,8.0312
8,Male,89081,Baden-Württemberg,10,2024,10.1,341,6.3,7.34,12,48.4078,10.0045
9,Female,77709,Baden-Württemberg,1,2022,12.2,326,8.0,6.87,1,48.4556,7.9245
6,Female,75334,Baden-Württemberg,4,2015,12.3,216,14.9,7.34,3,48.779,8.5956
9,Female,75233,Baden-Württemberg,7,2021,8.5,356,9.9,6.75,1,48.9789,8.5224
16,Female,72131,Baden-Württemberg,11,2018,12.5,454,5.5,7.35,1,48.4667,9.0756
25,Female,68723,Baden-Württemberg,9,2019,16.7,401,10.8,7.03,1,49.4312,8.5312
2,Male,76139,Baden-Württemberg,5,2020,12.2,483,14.8,6.89,1,49.0134,8.4234
44,Male,68753,Baden-Württemberg,2,2019,7.5,282,6.7,7.06,2,49.4201,8.5423
23,Male,77709,Baden-Württemberg,7,2015,11.6,216,2.9,6.91,14,48.4556,7.9245
22,Female,88364,Baden-Württemberg,10,2023,7.2,340,20.5,7.17,3,47.9378,9.6235
25,Male,77880,Baden-Württemberg,1,2016,17.0,296,2.6,7.35,1,48.5089,8.1311
11,Male,76337,Baden-Württemberg,7,2023,16.1,308,7.7,6.92,1,49.0812,8.5623
16,Female,76448,Baden-Württemberg,6,2024,9.7,395,10.7,7.2,1,48.8823,8.3312
15,Female,78595,Baden-Württemberg,7,2016,6.5,309,8.1,6.82,2,47.5757,9.1677
16,Female,88138,Baden-Württemberg,10,2023,9.3,219,9.1,7.29,4,47.7063,9.5396
3,Male,75243,Baden-Württemberg,3,2020,10.8,302,12.4,7.17,8,49.0233,8.4666
23,Male,76227,Baden-Württemberg,3,2025,7.3,410,1.5,7.29,1,48.9934,8.4523
1,Male,78661,Baden-Württemberg,7,2023,11.0,450,3.2,7.08,2,47.75,8.8067
42,Male,88279,Baden-Württemberg,2,2020,10.8,449,9.7,7.02,1,47.7313,9.7233
13,Male,78667,Baden-Württemberg,1,2020,11.5,420,7.5,7.25,3,47.7267,8.84
18,Male,79189,Baden-Württemberg,9,2025,11.7,349,10.1,6.86,2,47.9312,7.9423
1,Female,79194,Baden-Württemberg,9,2016,9.1,418,10.6,6.79,3,47.9423,7.9312
5,Male,88486,Baden-Württemberg,7,2022,9.3,364,1.5,7.1,3,48.4595,9.1018
19,Female,88090,Baden-Württemberg,7,2017,11.3,383,15.9,7.03,1,47.7378,9.5691
12,Female,77880,Baden-Württemberg,3,2021,9.8,257,7.0,7.2,4,48.5089,8.1311
10,Male,88317,Baden-Württemberg,10,2019,13.2,375,5.2,7.3,1,47.8423,9.7234
24,Female,79271,Baden-Württemberg,2,2017,11.3,415,10.5,7.2,3,48.0434,7.9534
14,Male,69126,Baden-Württemberg,11,2015,15.3,410,10.0,7.28,1,49.3912,8.6712
8,Male,88273,Baden-Württemberg,7,2022,13.0,215,15.5,7.16,2,47.7535,9.7011
17,Female,77697,Baden-Württemberg,9,2017,13.6,381,10.9,7.19,7,48.5179,7.9868
7,Male,88399,Baden-Württemberg,1,2016,11.5,196,15.3,7.08,6,48.1598,9.4015
5,Female,74189,Baden-Württemberg,4,2015,11.5,390,4.8,7.18,5,49.0967,9.1545
24,Male,76596,Baden-Württemberg,6,2018,15.0,285,10.2,7.13,2,48.7268,8.2845
4,Female,68239,Baden-Württemberg,7,2022,10.4,574,3.9,7.16,3,49.4756,8.5123
13,Male,77815,Baden-Württemberg,10,2017,12.4,384,10.0,7.07,2,48.589,8.0312
32,Male,88289,Baden-Württemberg,7,2015,10.6,466,8.9,7.25,6,47.6869,9.7677
14,Male,78652,Baden-Württemberg,10,2018,10.6,623,8.7,6.97,1,47.7734,8.7734
5,Female,78594,Baden-Württemberg,2,2023,8.6,271,8.8,7.1,10,47.5835,9.1566
14,Female,78479,Baden-Württemberg,4,2015,9.6,422,13.2,7.34,8,47.7645,9.0912
18,Female,68165,Baden-Württemberg,5,2025,9.2,227,1.5,6.93,4,49.4934,8.4901
12,Male,78580,Baden-Württemberg,12,2016,12.5,411,5.0,6.71,1,47.6456,9.0678
7,Female,72138,Baden-Württemberg,1,2023,13.5,581,9.3,7.17,1,48.4489,9.0978
1,Female,89186,Baden-Württemberg,1,2016,11.0,294,3.6,7.05,5,48.2701,9.7492
10,Female,88512,Baden-Württemberg,10,2017,11.7,263,9.7,7.28,1,48.5261,9.0352
12,Male,88477,Baden-Württemberg,3,2021,10.9,359,9.2,7.08,5,48.404,9.1573
37,Female,89160,Baden-Württemberg,10,2017,9.4,615,2.5,6.99,2,48.3423,9.8935
7,Female,74223,Baden-Württemberg,3,2023,13.1,462,2.2,7.09,1,49.0255,9.0833
12,Male,77761,Baden-Württemberg,12,2020,12.6,261,1.5,7.3,7,48.3577,7.8266
10,Female,88250,Baden-Württemberg,8,2017,7.0,544,3.4,7.2,2,47.8201,9.6345
12,Female,74243,Baden-Württemberg,9,2023,10.6,171,9.6,6.66,2,48.9632,9.021
14,Male,79114,Baden-Württemberg,11,2015,9.3,626,10.3,7.13,2,47.9812,7.8734
2,Male,68782,Baden-Württemberg,12,2024,10.3,472,10.5,7.14,1,49.3901,8.5756
6,Male,68535,Baden-Württemberg,1,2017,9.7,581,5.6,7.1,4,49.5678,8.4312
21,Female,76187,Baden-Württemberg,11,2015,11.1,172,9.4,6.99,1,49.0312,8.3412
25,Female,72202,Baden-Württemberg,2,2016,10.5,390,11.5,7.32,8,48.5023,8.8312
5,Male,70372,Baden-Württemberg,10,2022,10.4,353,3.2,7.32,6,48.8131,9.2201
7,Female,88386,Baden-Württemberg,2,2021,13.6,249,10.1,6.7,1,48.0599,9.5014
18,Female,88326,Baden-Württemberg,4,2016,12.4,214,12.8,6.96,3,47.8601,9.7012
19,Male,68549,Baden-Württemberg,2,2016,9.7,430,7.0,7.07,2,49.59,8.4101
9,Female,88386,Baden-Württemberg,7,2023,10.0,441,14.8,7.27,1,48.0599,9.5014
3,Female,68309,Baden-Württemberg,9,2020,12.3,525,7.2,7.11,13,49.5345,8.5123
7,Female,70178,Baden-Württemberg,7,2019,12.3,309,5.2,6.98,1,48.7606,9.1734
19,Female,76229,Baden-Württemberg,12,2024,9.9,353,12.3,7.23,1,48.9823,8.4634
8,Female,78573,Baden-Württemberg,6,2020,10.7,204,19.7,7.06,2,47.6689,9.0345
18,Female,88447,Baden-Württemberg,10,2023,15.3,554,9.9,7.08,2,48.3041,9.2572
3,Male,76149,Baden-Württemberg,1,2025,9.9,378,12.7,7.1,2,49.0312,8.3812
7,Female,68549,Baden-Württemberg,11,2021,15.4,456,7.0,7.2,4,49.59,8.4101
12,Female,76199,Baden-Württemberg,10,2024,13.6,460,3.3,7.04,2,48.9734,8.3634
20,Female,77773,Baden-Württemberg,9,2024,15.0,545,10.3,7.22,2,48.331,7.7999
1,Male,70439,Baden-Württemberg,5,2023,9.8,270,11.1,7.09,1,48.8712,9.1734
8,Female,75399,Baden-Württemberg,11,2018,10.8,453,7.7,6.91,1,48.6125,8.6733
22,Male,72181,Baden-Württemberg,5,2016,10.2,366,12.7,7.09,1,48.4479,8.9756
8,Female,76229,Baden-Württemberg,6,2022,13.7,622,6.2,6.92,1,48.9823,8.4634
8,Male,88239,Baden-Württemberg,9,2018,10.0,269,5.0,7.11,2,47.8312,9.6234
2,Male,68649,Baden-Württemberg,8,2023,12.8,510,14.8,7.25,1,49.5456,8.5867
7,Male,69214,Baden-Württemberg,8,2018,12.7,412,14.8,6.91,1,49.3212,8.7489
11,Male,88501,Baden-Württemberg,8,2022,11.1,405,6.3,7.17,1,48.515,9.0463
3,Female,88138,Baden-Württemberg,1,2023,14.1,376,18.1,6.95,8,47.7063,9.5396
2,Female,68259,Baden-Württemberg,1,2023,11.4,531,8.1,7.14,8,49.4867,8.5234
30,Female,88289,Baden-Württemberg,8,2024,13.0,401,9.9,7.25,2,47.6869,9.7677
17,Male,79206,Baden-Württemberg,5,2018,10.1,187,9.1,6.72,7,47.9645,7.9101
5,Male,78589,Baden-Württemberg,9,2015,9.6,516,12.1,6.9,4,47.6068,9.1233
7,Female,77836,Baden-Württemberg,2,2017,12.8,494,10.9,7.03,2,48.5623,8.0645
2,Female,77723,Baden-Württemberg,9,2023,12.1,440,10.8,7.16,1,48.4378,7.9067
3,Male,88368,Baden-Württemberg,12,2018,11.7,234,4.4,7.07,4,47.96,9.6013
11,Male,88376,Baden-Württemberg,8,2019,10.4,253,1.5,7.09,3,47.9933,9.568
21,Male,88085,Baden-Württemberg,9,2021,14.6,150,15.2,7.35,2,47.7441,9.575
4,Female,68766,Baden-Württemberg,4,2019,8.7,425,6.8,6.88,4,49.4101,8.5534
18,Female,75173,Baden-Württemberg,1,2018,8.6,208,9.3,7.3,2,48.8856,8.6923
10,Male,88085,Baden-Württemberg,1,2016,13.3,163,11.1,7.04,3,47.7441,9.575
2,Male,75233,Baden-Württemberg,5,2016,13.1,522,17.6,7.2,8,48.9789,8.5224
20,Female,74074,Baden-Württemberg,2,2018,12.0,462,10.3,7.35,1,49.1356,9.2045
8,Male,79297,Baden-Württemberg,8,2024,10.6,330,7.5,7.22,3,48.1877,8.0977
45,Male,76484,Baden-Württemberg,10,2024,12.3,353,6.9,7.17,1,48.8312,8.3812
37,Female,76534,Baden-Württemberg,11,2023,15.0,150,9.3,7.35,3,48.7812,8.2312
16,Male,88486,Baden-Württemberg,5,2022,16.7,480,5.0,7.3,4,48.4595,9.1018
12,Male,74206,Baden-Württemberg,5,2017,7.6,286,9.6,6.96,1,49.0611,9.1189
21,Female,89073,Baden-Württemberg,2,2023,10.3,409,9.2,7.15,3,48.4011,9.9934
6,Female,74189,Baden-Württemberg,7,2019,10.1,150,17.7,6.79,1,49.0967,9.1545
25,Female,74078,Baden-Württemberg,8,2025,14.8,487,9.1,7.0,3,49.1501,9.2173
11,Female,88069,Baden-Württemberg,10,2017,6.5,279,1.5,7.16,1,47.763,9.5927
5,Female,77654,Baden-Württemberg,1,2019,12.3,204,22.0,6.99,4,48.4823,7.9512
1,Female,78594,Baden-Württemberg,2,2024,10.6,329,14.3,7.15,1,47.5835,9.1566
15,Male,76135,Baden-Württemberg,10,2018,14.8,298,19.9,7.1,2,48.9934,8.3812
3,Female,88515,Baden-Württemberg,4,2022,14.5,498,3.7,7.2,1,48.5372,9.0241
25,Female,88481,Baden-Württemberg,5,2019,12.0,319,8.4,7.02,5,48.4262,9.1351
38,Male,88457,Baden-Württemberg,2,2024,7.7,533,12.9,6.93,7,48.3818,9.1795
1,Male,76547,Baden-Württemberg,1,2022,9.9,409,12.2,7.35,16,48.7701,8.2412
36,Male,76185,Baden-Württemberg,9,2023,10.2,477,11.0,7.01,4,49.0201,8.3523
28,Male,89189,Baden-Württemberg,1,2018,8.3,369,1.5,7.22,4,48.259,9.727
15,Male,78592,Baden-Württemberg,4,2021,13.7,522,1.5,7.35,1,47.5913,9.1455
14,Female,72202,Baden-Württemberg,2,2016,8.0,231,17.1,7.13,1,48.5023,8.8312
5,Female,75210,Baden-Württemberg,11,2020,15.5,383,18.0,6.95,1,48.9345,8.6012
17,Male,77652,Baden-Württemberg,4,2022,15.5,322,9.0,7.07,4,48.4734,7.9423
3,Male,79104,Baden-Württemberg,8,2021,10.4,537,16.5,7.28,7,48.0012,7.8512
15,Male,68789,Baden-Württemberg,8,2021,11.9,549,4.4,7.14,1,49.3801,8.5867
22,Female,79299,Baden-Württemberg,11,2022,11.0,370,5.5,6.88,7,48.1988,8.1088
2,Male,79297,Baden-Württemberg,12,2021,13.2,215,4.0,7.21,3,48.1877,8.0977
1,Male,88284,Baden-Württemberg,9,2019,14.0,421,5.3,7.24,2,47.7091,9.7455
17,Male,74238,Baden-Württemberg,11,2021,11.8,170,13.1,7.04,1,48.981,9.0388
2,Male,79224,Baden-Württemberg,12,2024,12.2,565,5.2,7.21,1,48.0089,7.8701
31,Male,74189,Baden-Württemberg,5,2017,9.8,313,20.7,7.14,2,49.0967,9.1545
40,Female,79292,Baden-Württemberg,7,2019,12.2,366,11.8,7.06,3,48.1433,8.0533
9,Female,69214,Baden-Württemberg,3,2021,11.6,288,14.9,6.87,1,49.3212,8.7489
45,Female,88045,Baden-Württemberg,10,2023,9.2,261,11.9,7.29,2,47.7819,9.6104
15,Male,68789,Baden-Württemberg,4,2016,11.2,458,15.6,7.24,5,49.3801,8.5867
18,Female,77699,Baden-Württemberg,10,2018,10.4,350,5.2,7.21,5,48.5268,7.9957
3,Female,77796,Baden-Württemberg,9,2021,9.9,375,16.7,7.35,7,48.2509,7.7198
25,Male,76297,Baden-Württemberg,10,2015,8.7,249,10.2,7.27,1,49.0534,8.5012
5,Female,74229,Baden-Württemberg,10,2016,11.3,472,15.5,7.22,1,49.0077,9.0655
1,Male,75233,Baden-Württemberg,12,2023,9.5,484,2.3,6.7,4,48.9789,8.5224
20,Female,77652,Baden-Württemberg,1,2024,10.2,344,10.4,7.32,1,48.4734,7.9423
9,Male,75395,Baden-Württemberg,2,2021,13.6,522,10.2,7.11,1,48.6347,8.6511
17,Female,88317,Baden-Württemberg,5,2024,12.6,357,6.4,7.16,1,47.8423,9.7234
12,Male,76547,Baden-Württemberg,3,2021,9.0,463,11.1,7.16,1,48.7701,8.2412
10,Female,76131,Baden-Württemberg,2,2020,12.0,175,17.2,7.24,1,49.0069,8.4037
1,Female,88480,Baden-Württemberg,1,2017,11.5,412,6.0,7.3,1,48.4151,9.1462
35,Female,88289,Baden-Württemberg,10,2024,14.9,337,14.3,7.21,1,47.6869,9.7677
16,Male,75339,Baden-Württemberg,3,2017,14.2,388,3.9,7.19,1,48.7457,8.6289
16,Male,70192,Baden-Württemberg,1,2016,7.8,383,20.0,7.14,3,48.8012,9.1801
36,Female,76476,Baden-Württemberg,12,2025,13.1,385,13.4,6.65,2,48.8423,8.3712
2,Male,77799,Baden-Württemberg,1,2020,14.0,443,18.1,7.05,3,48.2331,7.702
17,Male,78647,Baden-Württemberg,12,2018,12.4,302,12.9,6.93,1,47.7812,8.7623
4,Female,75389,Baden-Württemberg,1,2019,10.5,438,11.5,7.32,1,48.6791,8.6067
21,Female,68649,Baden-Württemberg,8,2017,16.5,517,13.5,7.21,2,49.5456,8.5867
39,Male,79276,Baden-Württemberg,3,2020,12.6,200,8.8,7.02,2,48.0545,7.9645
7,Male,74074,Baden-Württemberg,11,2025,15.5,276,1.5,7.04,2,49.1356,9.2045
7,Male,88138,Baden-Württemberg,1,2017,14.2,281,11.7,7.03,1,47.7063,9.5396
15,Female,88099,Baden-Württemberg,7,2022,12.2,238,5.7,7.03,7,47.7189,9.5514
10,Female,68259,Baden-Württemberg,10,2023,9.9,313,4.0,6.84,1,49.4867,8.5234
37,Female,77654,Baden-Württemberg,3,2018,11.1,493,12.7,6.8,1,48.4823,7.9512
12,Female,89188,Baden-Württemberg,8,2023,10.7,543,8.1,7.11,3,48.2645,9.7381
21,Male,77770,Baden-Württemberg,4,2021,8.5,382,14.6,7.29,2,48.3399,7.8088
41,Male,76149,Baden-Württemberg,4,2017,12.6,331,5.6,7.0,1,49.0312,8.3812
39,Male,79271,Baden-Württemberg,5,2021,14.6,466,7.1,7.15,1,48.0434,7.9534
4,Male,89171,Baden-Württemberg,6,2015,10.5,150,15.3,7.23,4,48.3257,9.8602
41,Female,70174,Baden-Württemberg,7,2017,16.0,243,10.9,6.92,1,48.7758,9.1829
1,Female,89179,Baden-Württemberg,4,2020,7.8,150,2.1,7.1,1,48.2979,9.8047
25,Male,69126,Baden-Württemberg,8,2018,13.5,242,10.8,6.98,1,49.3912,8.6712
16,Male,77799,Baden-Württemberg,6,2021,14.9,277,16.9,7.35,5,48.2331,7.702
16,Female,75173,Baden-Württemberg,1,2017,10.8,547,7.1,7.35,1,48.8856,8.6923
5,Female,75173,Baden-Württemberg,1,2015,10.8,150,12.5,6.92,14,48.8856,8.6923
12,Male,74245,Baden-Württemberg,9,2023,13.5,319,5.3,7.17,2,48.9543,9.0121
12,Female,69234,Baden-Württemberg,10,2020,12.3,444,8.8,7.29,12,49.2812,8.7933
10,Female,74189,Baden-Württemberg,6,2022,6.8,419,14.9,7.25,8,49.0967,9.1545
25,Male,78549,Baden-Württemberg,10,2017,9.3,545,10.6,7.11,1,47.7156,8.8456
15,Female,76532,Baden-Württemberg,8,2022,11.2,389,15.9,7.34,1,48.7534,8.2312
21,Male,78595,Baden-Württemberg,7,2016,8.2,414,11.6,6.94,1,47.5757,9.1677
44,Female,75173,Baden-Württemberg,12,2018,10.2,150,20.6,7.05,1,48.8856,8.6923
38,Female,88339,Baden-Württemberg,6,2017,8.2,251,1.7,6.94,3,47.8712,9.6901
17,Female,88487,Baden-Württemberg,4,2024,10.4,156,8.4,7.24,1,48.4706,9.0907
2,Female,78585,Baden-Württemberg,7,2015,10.5,438,4.1,7.0,1,47.6301,9.09
3,Male,88142,Baden-Württemberg,9,2021,12.0,411,4.4,7.07,1,47.7,9.5337
6,Female,79256,Baden-Württemberg,11,2025,11.0,407,4.5,7.21,7,48.0878,7.7901
4,Female,79297,Baden-Württemberg,10,2024,12.3,264,10.3,7.23,1,48.1877,8.0977
18,Female,72076,Baden-Württemberg,10,2016,12.0,253,10.6,6.94,1,48.5389,9.0456
16,Female,68307,Baden-Württemberg,7,2018,13.5,395,11.6,7.29,1,49.5234,8.5012
3,Female,76599,Baden-Württemberg,1,2023,13.1,289,3.9,7.18,7,48.7046,8.3067
3,Female,76139,Baden-Württemberg,10,2020,12.9,247,7.9,6.91,3,49.0134,8.4234
6,Male,88377,Baden-Württemberg,9,2022,17.0,308,4.7,6.86,1,48.0044,9.5569
1,Female,78598,Baden-Württemberg,4,2016,12.0,290,14.2,7.1,1,47.5602,9.1899
46,Female,88290,Baden-Württemberg,3,2021,16.9,265,5.1,7.25,1,47.6758,9.7788
3,Female,76185,Baden-Württemberg,4,2020,12.1,222,8.4,7.26,1,49.0201,8.3523
3,Female,78607,Baden-Württemberg,4,2023,11.0,423,12.3,7.16,8,47.5136,9.2565
20,Male,72141,Baden-Württemberg,10,2021,10.4,556,6.4,7.11,4,48.44,9.1089
9,Male,76139,Baden-Württemberg,11,2015,14.5,365,13.0,7.19,1,49.0134,8.4234
5,Female,76131,Baden-Württemberg,2,2022,14.8,396,17.5,6.95,6,49.0069,8.4037
13,Female,88383,Baden-Württemberg,12,2025,12.5,434,10.4,7.35,1,48.0377,9.5236
34,Male,88094,Baden-Württemberg,1,2024,13.7,413,14.0,7.35,3,47.7315,9.5632
24,Female,88176,Baden-Württemberg,12,2017,8.4,268,1.5,7.18,5,47.6496,9.4865
6,Male,77793,Baden-Württemberg,10,2016,7.8,576,7.4,7.14,1,48.2687,7.7376
40,Female,75392,Baden-Württemberg,12,2017,13.9,279,10.4,7.03,4,48.6569,8.6289
2,Male,88276,Baden-Württemberg,1,2025,10.9,447,4.2,7.2,1,47.7424,9.7122
34,Male,79258,Baden-Württemberg,8,2020,12.8,433,10.5,6.98,1,48.0989,7.7801
8,Male,76139,Baden-Württemberg,2,2017,9.6,150,14.8,6.7,1,49.0134,8.4234
13,Male,76571,Baden-Württemberg,12,2024,14.8,326,1.5,6.65,1,48.749,8.2623
35,Male,88212,Baden-Württemberg,10,2019,7.8,376,3.6,6.96,3,47.8012,9.5734
21,Male,76356,Baden-Württemberg,5,2020,8.2,385,10.4,7.13,8,49.0923,8.5712
9,Male,75391,Baden-Württemberg,12,2022,14.4,406,11.8,7.16,2,48.668,8.6178
20,Female,79295,Baden-Württemberg,4,2021,6.5,460,13.2,7.01,5,48.1655,8.0755
22,Female,76227,Baden-Württemberg,8,2025,12.0,369,10.1,7.13,5,48.9934,8.4523
17,Male,88391,Baden-Württemberg,2,2022,11.0,412,11.8,7.05,1,48.0932,9.4681
16,Female,76199,Baden-Württemberg,10,2017,9.6,364,14.0,6.92,1,48.9734,8.3634
5,Male,88516,Baden-Württemberg,9,2018,10.8,247,7.4,7.09,1,48.5483,9.013
22,Female,77652,Baden-Württemberg,7,2020,9.3,373,6.5,7.25,3,48.4734,7.9423
7,Female,68647,Baden-Württemberg,7,2025,14.6,459,8.7,6.93,8,49.5345,8.5756
20,Male,89189,Baden-Württemberg,1,2021,15.2,503,10.5,6.93,1,48.259,9.727
21,Male,79114,Baden-Württemberg,12,2023,9.7,434,6.2,6.91,3,47.9812,7.8734
21,Male,77871,Baden-Württemberg,2,2015,11.8,530,7.5,6.75,3,48.5267,8.1089
2,Male,77740,Baden-Württemberg,4,2022,8.3,420,11.5,7.01,2,48.4022,7.8711
37,Female,88367,Baden-Württemberg,4,2022,13.6,473,10.3,7.23,1,47.9489,9.6124
17,Male,68782,Baden-Württemberg,11,2020,13.5,482,8.6,7.13,1,49.3901,8.5756
16,Male,88377,Baden-Württemberg,3,2018,10.6,343,1.5,7.07,1,48.0044,9.5569
46,Male,88391,Baden-Württemberg,7,2017,11.2,457,9.5,7.12,1,48.0932,9.4681
1,Male,70565,Baden-Württemberg,12,2025,11.0,257,4.6,7.01,1,48.7201,9.1612
16,Female,88430,Baden-Württemberg,8,2017,7.6,411,14.4,6.75,2,48.2375,9.3238
9,Male,76356,Baden-Württemberg,2,2020,14.6,439,8.0,7.24,1,49.0923,8.5712
6,Female,74177,Baden-Württemberg,4,2022,9.5,496,4.5,7.29,6,49.1145,9.1723
47,Male,88484,Baden-Württemberg,3,2021,9.5,468,9.2,6.97,2,48.4484,9.1129
7,Male,88382,Baden-Württemberg,2,2025,10.9,497,15.9,7.07,3,48.0266,9.5347
14,Female,88361,Baden-Württemberg,12,2015,13.4,358,12.7,7.06,1,47.9267,9.6346
10,Male,88263,Baden-Württemberg,6,2025,9.9,328,10.6,7.16,2,47.7868,9.6678
10,Female,72144,Baden-Württemberg,4,2020,6.9,337,2.9,7.35,8,48.4311,9.12
16,Female,77836,Baden-Württemberg,6,2021,9.2,401,17.6,7.31,1,48.5623,8.0645
8,Male,69123,Baden-Württemberg,2,2021,12.1,152,6.4,7.03,1,49.4312,8.6601
6,Male,68169,Baden-Württemberg,12,2023,16.0,529,14.2,7.2,4,49.5101,8.5123
7,Male,88501,Baden-Württemberg,4,2025,8.4,375,7.9,7.33,1,48.515,9.0463
19,Male,78583,Baden-Württemberg,11,2025,8.3,320,13.7,7.17,1,47.6379,9.0789
23,Male,72141,Baden-Württemberg,6,2024,7.9,150,16.0,7.1,1,48.44,9.1089
3,Male,68723,Baden-Württemberg,5,2019,7.6,365,12.7,7.18,1,49.4312,8.5312
22,Male,69126,Baden-Württemberg,3,2015,13.9,346,13.3,6.97,2,49.3912,8.6712
5,Female,89183,Baden-Württemberg,8,2016,14.5,262,9.0,7.0,1,48.2812,9.7714
8,Female,79206,Baden-Württemberg,7,2018,11.6,289,7.3,6.91,6,47.9645,7.9101
15,Female,88512,Baden-Württemberg,3,2019,10.2,366,10.2,7.16,4,48.5261,9.0352
7,Male,88457,Baden-Württemberg,6,2023,15.1,299,7.8,7.08,3,48.3818,9.1795
4,Male,72116,Baden-Württemberg,4,2025,11.6,438,21.8,6.95,2,48.5023,9.0312
16,Female,74248,Baden-Württemberg,11,2015,13.6,280,4.5,7.07,5,48.9365,8.9943
16,Female,72144,Baden-Württemberg,5,2017,10.1,388,14.5,7.18,1,48.4311,9.12
7,Female,77815,Baden-Württemberg,11,2019,11.3,511,12.1,7.35,6,48.589,8.0312
10,Male,78628,Baden-Württemberg,5,2017,8.5,365,10.6,7.28,4,47.789,8.7512
1,Female,77839,Baden-Württemberg,7,2018,12.6,412,16.9,6.69,4,48.5534,8.0756
20,Female,76275,Baden-Württemberg,11,2017,11.6,405,11.0,7.14,2,48.9612,8.5123
5,Male,70182,Baden-Württemberg,5,2018,9.2,370,6.3,7.35,1,48.778,9.195
4,Male,74248,Baden-Württemberg,11,2015,9.3,361,11.0,6.86,1,48.9365,8.9943
25,Female,88433,Baden-Württemberg,3,2022,14.8,301,8.6,7.2,4,48.2486,9.3127
5,Male,88356,Baden-Württemberg,10,2018,15.5,388,12.0,7.06,1,47.9156,9.6457
4,Male,76549,Baden-Württemberg,5,2021,10.7,336,13.6,7.31,4,48.7601,8.2512
7,Female,76275,Baden-Württemberg,7,2016,11.3,555,5.2,7.17,1,48.9612,8.5123
16,Female,88285,Baden-Württemberg,5,2016,12.1,467,15.5,6.94,1,47.698,9.7566
6,Male,68259,Baden-Württemberg,5,2020,11.5,195,8.2,7.06,1,49.4867,8.5234
16,Male,88179,Baden-Württemberg,9,2016,7.5,202,11.7,7.07,1,47.637,9.4747
23,Male,69126,Baden-Württemberg,3,2020,12.1,354,12.6,7.08,2,49.3912,8.6712
19,Female,79206,Baden-Württemberg,6,2025,6.6,322,11.3,7.3,1,47.9645,7.9101
